-- phpMyAdmin SQL Dump
-- version 4.7.4
-- https://www.phpmyadmin.net/
--
-- Servidor: 127.0.0.1
-- Tiempo de generación: 10-11-2018 a las 15:17:17
-- Versión del servidor: 10.1.28-MariaDB
-- Versión de PHP: 5.6.32

SET SQL_MODE = "NO_AUTO_VALUE_ON_ZERO";
SET AUTOCOMMIT = 0;
START TRANSACTION;
SET time_zone = "+00:00";


/*!40101 SET @OLD_CHARACTER_SET_CLIENT=@@CHARACTER_SET_CLIENT */;
/*!40101 SET @OLD_CHARACTER_SET_RESULTS=@@CHARACTER_SET_RESULTS */;
/*!40101 SET @OLD_COLLATION_CONNECTION=@@COLLATION_CONNECTION */;
/*!40101 SET NAMES utf8mb4 */;

--
-- Base de datos: `ssi`
--

-- --------------------------------------------------------

--
-- Estructura de tabla para la tabla `almacenmedicina`
--

CREATE TABLE `almacenmedicina` (
  `idmedicina` int(11) NOT NULL
) ENGINE=InnoDB DEFAULT CHARSET=utf8;

-- --------------------------------------------------------

--
-- Estructura de tabla para la tabla `calendario`
--

CREATE TABLE `calendario` (
  `idcita` int(11) NOT NULL
) ENGINE=InnoDB DEFAULT CHARSET=utf8;

-- --------------------------------------------------------

--
-- Estructura de tabla para la tabla `citamedica`
--

CREATE TABLE `citamedica` (
  `idcita` int(11) NOT NULL,
  `fechacita` date NOT NULL,
  `idpaciente` int(11) NOT NULL,
  `idmedico` int(11) NOT NULL,
  `idconsultorio` int(11) NOT NULL,
  `estado` varchar(20) NOT NULL
) ENGINE=InnoDB DEFAULT CHARSET=utf8;

--
-- Volcado de datos para la tabla `citamedica`
--

INSERT INTO `citamedica` (`idcita`, `fechacita`, `idpaciente`, `idmedico`, `idconsultorio`, `estado`) VALUES
(1, '2014-01-07', 1, 8, 8, 'A'),
(2, '2014-01-10', 2, 1, 1, 'A'),
(3, '2014-10-01', 3, 3, 3, 'A'),
(4, '2014-01-17', 4, 10, 10, 'A'),
(5, '2014-01-18', 5, 1, 1, 'A'),
(6, '2014-01-21', 6, 6, 6, 'A'),
(7, '2014-01-22', 7, 6, 6, 'A'),
(8, '2014-01-25', 8, 8, 8, 'A'),
(9, '2014-01-26', 9, 5, 5, 'A'),
(10, '2014-01-29', 9, 2, 2, 'A'),
(11, '2014-02-02', 10, 11, 11, 'A'),
(12, '2014-02-06', 38, 18, 18, 'A'),
(13, '2014-02-06', 333, 23, 23, 'A'),
(14, '2014-02-08', 417, 7, 7, 'A'),
(15, '2014-02-14', 483, 2, 2, 'A'),
(16, '2014-02-19', 351, 6, 6, 'A'),
(17, '2014-02-21', 86, 18, 18, 'A'),
(18, '2014-02-28', 163, 2, 2, 'A'),
(19, '2014-03-03', 107, 3, 3, 'A'),
(20, '2014-03-07', 414, 10, 10, 'A'),
(21, '2014-03-07', 300, 16, 16, 'A'),
(22, '2014-03-08', 77, 16, 16, 'A'),
(23, '2014-03-08', 297, 6, 6, 'A'),
(24, '2014-03-12', 343, 23, 23, 'A'),
(25, '2014-03-12', 59, 18, 18, 'A'),
(26, '2014-03-13', 118, 11, 11, 'A'),
(27, '2014-03-29', 143, 23, 23, 'A'),
(28, '2014-04-03', 103, 3, 3, 'A'),
(29, '2014-04-04', 96, 19, 19, 'A'),
(30, '2014-04-08', 233, 10, 10, 'A'),
(31, '2014-04-12', 456, 16, 16, 'A'),
(32, '2014-04-16', 206, 18, 18, 'A'),
(33, '2014-04-24', 261, 3, 3, 'A'),
(34, '2014-04-26', 43, 7, 7, 'A'),
(35, '2014-04-26', 72, 23, 23, 'A'),
(36, '2014-04-29', 169, 15, 15, 'A'),
(37, '2014-04-30', 106, 22, 22, 'A'),
(38, '2014-04-30', 209, 15, 15, 'A'),
(39, '2014-05-02', 487, 21, 21, 'A'),
(40, '2014-05-03', 308, 13, 13, 'A'),
(41, '2014-05-05', 481, 16, 16, 'A'),
(42, '2014-05-09', 8, 10, 10, 'A'),
(43, '2014-05-11', 279, 8, 8, 'A'),
(44, '2014-05-12', 23, 5, 5, 'A'),
(45, '2014-05-14', 280, 7, 7, 'A'),
(46, '2014-05-14', 449, 7, 7, 'A'),
(47, '2014-05-16', 137, 3, 3, 'A'),
(48, '2014-05-17', 94, 5, 5, 'A'),
(49, '2014-05-31', 225, 20, 20, 'A'),
(50, '2014-06-02', 110, 7, 7, 'A'),
(51, '2014-06-03', 285, 23, 23, 'A'),
(52, '2014-06-07', 110, 23, 23, 'A'),
(53, '2014-06-10', 183, 16, 16, 'A'),
(54, '2014-06-10', 227, 22, 22, 'A'),
(55, '2014-06-18', 404, 7, 7, 'A'),
(56, '2014-06-18', 336, 17, 17, 'A'),
(57, '2014-06-18', 144, 21, 21, 'A'),
(58, '2014-06-19', 254, 23, 23, 'A'),
(59, '2014-06-22', 370, 17, 17, 'A'),
(60, '2014-06-23', 255, 4, 4, 'A'),
(61, '2014-06-28', 289, 14, 14, 'A'),
(62, '2014-06-29', 389, 15, 15, 'A'),
(63, '2014-06-29', 228, 1, 1, 'A'),
(64, '2014-07-03', 268, 5, 5, 'A'),
(65, '2014-07-07', 269, 23, 23, 'A'),
(66, '2014-07-11', 309, 18, 18, 'A'),
(67, '2014-07-13', 15, 17, 17, 'A'),
(68, '2014-07-19', 442, 9, 9, 'A'),
(69, '2014-07-25', 243, 12, 12, 'A'),
(70, '2014-07-26', 384, 10, 10, 'A'),
(71, '2014-08-01', 372, 21, 21, 'A'),
(72, '2014-08-06', 103, 3, 3, 'A'),
(73, '2014-08-07', 198, 7, 7, 'A'),
(74, '2014-08-09', 18, 14, 14, 'A'),
(75, '2014-08-14', 290, 5, 5, 'A'),
(76, '2014-08-27', 40, 15, 15, 'A'),
(77, '2014-09-03', 58, 16, 16, 'A'),
(78, '2014-09-06', 487, 20, 20, 'A'),
(79, '2014-09-07', 99, 7, 7, 'A'),
(80, '2014-09-12', 321, 10, 10, 'A'),
(81, '2014-09-15', 379, 16, 16, 'A'),
(82, '2014-09-20', 81, 21, 21, 'A'),
(83, '2014-09-22', 99, 21, 21, 'A'),
(84, '2014-09-26', 218, 23, 23, 'A'),
(85, '2014-09-27', 462, 5, 5, 'A'),
(86, '2014-10-01', 63, 17, 17, 'A'),
(87, '2014-10-02', 302, 2, 2, 'A'),
(88, '2014-10-08', 414, 1, 1, 'A'),
(89, '2014-10-11', 14, 14, 14, 'A'),
(90, '2014-10-14', 452, 20, 20, 'A'),
(91, '2014-10-16', 188, 15, 15, 'A'),
(92, '2014-10-16', 10, 19, 19, 'A'),
(93, '2014-10-16', 1, 18, 18, 'A'),
(94, '2014-10-21', 119, 17, 17, 'A'),
(95, '2014-10-22', 479, 5, 5, 'A'),
(96, '2014-10-26', 126, 20, 20, 'A'),
(97, '2014-10-29', 435, 23, 23, 'A'),
(98, '2014-11-01', 497, 23, 23, 'A'),
(99, '2014-11-02', 71, 15, 15, 'A'),
(100, '2014-11-09', 239, 21, 21, 'A'),
(101, '2014-11-10', 68, 7, 7, 'A'),
(102, '2014-11-14', 471, 18, 18, 'A'),
(103, '2014-11-19', 304, 9, 9, 'A'),
(104, '2014-11-21', 175, 9, 9, 'A'),
(105, '2014-11-23', 367, 1, 1, 'A'),
(106, '2014-11-24', 46, 5, 5, 'A'),
(107, '2014-11-24', 127, 7, 7, 'A'),
(108, '2014-12-03', 343, 5, 5, 'A'),
(109, '2014-12-07', 408, 6, 6, 'A'),
(110, '2014-12-08', 106, 6, 6, 'A'),
(111, '2014-12-09', 250, 16, 16, 'A'),
(112, '2015-01-04', 11, 6, 6, 'A'),
(113, '2015-01-04', 12, 14, 14, 'A'),
(114, '2015-01-06', 13, 12, 12, 'A'),
(115, '2015-01-06', 14, 13, 13, 'A'),
(116, '2015-01-09', 15, 14, 14, 'A'),
(117, '2015-01-13', 16, 14, 14, 'A'),
(118, '2015-01-18', 17, 14, 14, 'A'),
(119, '2015-01-23', 17, 14, 14, 'A'),
(120, '2015-02-02', 18, 14, 14, 'A'),
(121, '2015-02-03', 18, 11, 11, 'A'),
(122, '2015-02-04', 19, 8, 8, 'A'),
(123, '2015-02-09', 19, 5, 5, 'A'),
(124, '2015-02-09', 193, 12, 12, 'A'),
(125, '2015-02-10', 84, 10, 10, 'A'),
(126, '2015-02-11', 426, 9, 9, 'A'),
(127, '2015-02-22', 458, 23, 23, 'A'),
(128, '2015-02-28', 178, 22, 22, 'A'),
(129, '2015-03-04', 495, 19, 19, 'A'),
(130, '2015-03-04', 444, 23, 23, 'A'),
(131, '2015-03-14', 430, 17, 17, 'A'),
(132, '2015-03-20', 256, 17, 17, 'A'),
(133, '2015-03-21', 50, 19, 19, 'A'),
(134, '2015-03-23', 421, 14, 14, 'A'),
(135, '2015-03-25', 383, 14, 14, 'A'),
(136, '2015-03-25', 380, 4, 4, 'A'),
(137, '2015-03-26', 190, 7, 7, 'A'),
(138, '2015-04-16', 197, 9, 9, 'A'),
(139, '2015-04-18', 379, 8, 8, 'A'),
(140, '2015-04-19', 390, 14, 14, 'A'),
(141, '2015-04-25', 166, 4, 4, 'A'),
(142, '2015-04-26', 322, 14, 14, 'A'),
(143, '2015-04-28', 314, 15, 15, 'A'),
(144, '2015-04-29', 293, 12, 12, 'A'),
(145, '2015-05-09', 136, 8, 8, 'A'),
(146, '2015-05-11', 57, 19, 19, 'A'),
(147, '2015-05-14', 468, 11, 11, 'A'),
(148, '2015-05-14', 449, 7, 7, 'A'),
(149, '2015-05-18', 189, 10, 10, 'A'),
(150, '2015-05-20', 235, 5, 5, 'A'),
(151, '2015-05-22', 203, 14, 14, 'A'),
(152, '2015-05-23', 39, 12, 12, 'A'),
(153, '2015-05-26', 474, 4, 4, 'A'),
(154, '2015-05-30', 430, 12, 12, 'A'),
(155, '2015-05-30', 143, 11, 11, 'A'),
(156, '2015-06-06', 247, 15, 15, 'A'),
(157, '2015-06-08', 31, 23, 23, 'A'),
(158, '2015-06-12', 244, 17, 19, 'A'),
(159, '2015-06-21', 435, 15, 15, 'A'),
(160, '2015-06-26', 144, 11, 11, 'A'),
(161, '2015-06-29', 319, 15, 15, 'A'),
(162, '2015-07-03', 162, 17, 17, 'A'),
(163, '2015-07-09', 410, 6, 6, 'A'),
(164, '2015-07-09', 101, 19, 19, 'A'),
(165, '2015-07-11', 407, 8, 8, 'A'),
(166, '2015-07-12', 249, 9, 9, 'A'),
(167, '2015-07-12', 366, 2, 2, 'A'),
(168, '2015-07-14', 330, 23, 23, 'A'),
(169, '2015-07-14', 115, 10, 10, 'A'),
(170, '2015-07-15', 67, 1, 1, 'A'),
(171, '2015-07-17', 98, 15, 15, 'A'),
(172, '2015-07-20', 42, 20, 20, 'A'),
(173, '2015-07-25', 153, 6, 6, 'A'),
(174, '2015-07-26', 169, 19, 19, 'A'),
(175, '2015-07-27', 391, 23, 23, 'A'),
(176, '2015-07-31', 397, 15, 15, 'A'),
(177, '2015-08-01', 90, 15, 15, 'A'),
(178, '2015-08-09', 490, 15, 15, 'A'),
(179, '2015-08-09', 101, 20, 20, 'A'),
(180, '2015-08-14', 373, 8, 8, 'A'),
(181, '2015-08-14', 475, 16, 16, 'A'),
(182, '2015-08-16', 177, 4, 4, 'A'),
(183, '2015-08-20', 217, 16, 16, 'A'),
(184, '2015-08-24', 451, 15, 15, 'A'),
(185, '2015-08-28', 258, 22, 22, 'A'),
(186, '2015-08-29', 147, 23, 23, 'A'),
(187, '2015-09-06', 379, 20, 20, 'A'),
(188, '2015-09-07', 310, 14, 14, 'A'),
(189, '2015-09-07', 82, 2, 2, 'A'),
(190, '2015-09-10', 315, 22, 22, 'A'),
(191, '2015-09-12', 498, 15, 15, 'A'),
(192, '2015-09-14', 83, 1, 1, 'A'),
(193, '2015-09-20', 339, 16, 16, 'A'),
(194, '2015-09-29', 18, 12, 12, 'A'),
(195, '2015-10-03', 372, 23, 23, 'A'),
(196, '2015-10-17', 258, 12, 12, 'A'),
(197, '2015-10-18', 382, 22, 22, 'A'),
(198, '2015-10-21', 450, 1, 1, 'A'),
(199, '2015-10-22', 242, 15, 15, 'A'),
(200, '2015-10-23', 15, 1, 1, 'A'),
(201, '2015-10-25', 387, 7, 7, 'A'),
(202, '2015-10-27', 143, 11, 11, 'A'),
(203, '2015-10-31', 479, 19, 19, 'A'),
(204, '2015-11-08', 393, 18, 18, 'A'),
(205, '2015-11-14', 33, 10, 10, 'A'),
(206, '2015-11-15', 81, 23, 23, 'A'),
(207, '2015-11-15', 245, 23, 23, 'A'),
(208, '2015-11-18', 207, 10, 10, 'A'),
(209, '2015-11-19', 232, 19, 19, 'A'),
(210, '2015-11-20', 107, 23, 23, 'A'),
(211, '2015-11-22', 120, 20, 20, 'A'),
(212, '2015-11-29', 285, 5, 5, 'A'),
(213, '2015-12-05', 29, 23, 23, 'A'),
(214, '2015-12-08', 192, 2, 2, 'A'),
(215, '2015-12-08', 335, 10, 10, 'A'),
(216, '2015-12-11', 447, 23, 23, 'A'),
(217, '2015-12-16', 388, 19, 19, 'A'),
(218, '2015-12-16', 216, 17, 17, 'A'),
(219, '2015-12-17', 170, 22, 22, 'A'),
(220, '2015-12-19', 392, 1, 1, 'A'),
(221, '2015-12-23', 132, 2, 2, 'A'),
(222, '2015-12-23', 361, 16, 16, 'A'),
(223, '2015-12-24', 356, 21, 21, 'A'),
(224, '2016-01-02', 492, 23, 23, 'A'),
(225, '2016-01-06', 311, 17, 17, 'A'),
(226, '2016-01-12', 106, 9, 9, 'A'),
(227, '2016-01-12', 206, 15, 15, 'A'),
(228, '2016-01-22', 458, 19, 19, 'A'),
(229, '2016-01-24', 239, 22, 22, 'A'),
(230, '2016-01-25', 391, 7, 7, 'A'),
(231, '2016-01-27', 356, 15, 15, 'A'),
(232, '2016-01-27', 334, 17, 17, 'A'),
(233, '2016-01-27', 461, 4, 4, 'A'),
(234, '2016-01-31', 219, 15, 15, 'A'),
(235, '2016-01-31', 343, 13, 13, 'A'),
(236, '2016-02-12', 229, 16, 16, 'A'),
(237, '2016-02-13', 451, 5, 5, 'A'),
(238, '2016-02-13', 112, 22, 22, 'A'),
(239, '2016-02-13', 386, 7, 7, 'A'),
(240, '2016-02-19', 329, 17, 17, 'A'),
(241, '2016-02-26', 329, 5, 5, 'A'),
(242, '2016-02-28', 318, 17, 17, 'A'),
(243, '2016-03-01', 25, 5, 5, 'A'),
(244, '2016-03-02', 131, 18, 18, 'A'),
(245, '2016-03-10', 376, 1, 1, 'A'),
(246, '2016-04-02', 171, 6, 6, 'A'),
(247, '2016-04-04', 132, 20, 20, 'A'),
(248, '2016-04-05', 380, 22, 22, 'A'),
(249, '2016-04-08', 475, 1, 1, 'A'),
(250, '2016-04-09', 196, 13, 13, 'A'),
(251, '2016-04-13', 252, 22, 22, 'A'),
(252, '2016-04-15', 3, 9, 9, 'A'),
(253, '2016-04-16', 281, 14, 14, 'A'),
(254, '2016-04-17', 334, 18, 18, 'A'),
(255, '2016-04-19', 399, 4, 4, 'A'),
(256, '2016-04-25', 83, 19, 19, 'A'),
(257, '2016-04-28', 325, 10, 10, 'A'),
(258, '2016-04-28', 348, 10, 10, 'A'),
(259, '2016-04-29', 124, 23, 23, 'A'),
(260, '2016-05-01', 189, 23, 23, 'A'),
(261, '2016-05-04', 33, 21, 21, 'A'),
(262, '2016-05-06', 366, 11, 11, 'A'),
(263, '2016-05-17', 98, 20, 20, 'A'),
(264, '2016-05-22', 281, 22, 22, 'A'),
(265, '2016-05-27', 276, 10, 10, 'A'),
(266, '2016-05-27', 26, 7, 7, 'A'),
(267, '2016-05-31', 367, 14, 14, 'A'),
(268, '2016-06-03', 101, 2, 2, 'A'),
(269, '2016-06-06', 283, 11, 11, 'A'),
(270, '2016-06-09', 329, 17, 17, 'A'),
(271, '2016-06-12', 453, 14, 14, 'A'),
(272, '2016-06-12', 316, 21, 21, 'A'),
(273, '2016-06-16', 150, 6, 6, 'A'),
(274, '2016-06-24', 368, 2, 2, 'A'),
(275, '2016-06-24', 65, 23, 23, 'A'),
(276, '2016-06-25', 370, 14, 14, 'A'),
(277, '2016-06-29', 281, 16, 16, 'A'),
(278, '2016-06-29', 364, 20, 20, 'A'),
(279, '2016-07-07', 241, 1, 1, 'A'),
(280, '2016-07-16', 207, 3, 3, 'A'),
(281, '2016-07-25', 478, 15, 15, 'A'),
(282, '2016-07-25', 173, 19, 19, 'A'),
(283, '2016-07-28', 337, 14, 14, 'A'),
(284, '2016-07-30', 228, 18, 18, 'A'),
(285, '2016-08-03', 361, 12, 12, 'A'),
(286, '2016-08-28', 28, 1, 1, 'A'),
(287, '2016-09-07', 237, 8, 8, 'A'),
(288, '2016-09-10', 432, 22, 22, 'A'),
(289, '2016-09-14', 398, 18, 18, 'A'),
(290, '2016-09-16', 398, 17, 17, 'A'),
(291, '2016-09-18', 255, 17, 17, 'A'),
(292, '2016-09-28', 35, 11, 11, 'A'),
(293, '2016-10-01', 298, 13, 13, 'A'),
(294, '2016-10-05', 177, 21, 21, 'A'),
(295, '2016-10-08', 201, 7, 7, 'A'),
(296, '2016-10-16', 111, 23, 23, 'A'),
(297, '2016-10-18', 121, 21, 21, 'A'),
(298, '2016-10-20', 354, 14, 14, 'A'),
(299, '2016-10-26', 326, 21, 21, 'A'),
(300, '2016-11-04', 429, 23, 23, 'A'),
(301, '2016-11-04', 289, 23, 23, 'A'),
(302, '2016-11-07', 236, 21, 21, 'A'),
(303, '2016-11-11', 447, 2, 2, 'A'),
(304, '2016-11-13', 257, 20, 20, 'A'),
(305, '2016-11-20', 348, 17, 17, 'A'),
(306, '2016-11-21', 283, 13, 13, 'A'),
(307, '2016-11-24', 351, 7, 7, 'A'),
(308, '2016-11-28', 488, 14, 14, 'A'),
(309, '2016-11-28', 207, 20, 20, 'A'),
(310, '2016-12-03', 445, 1, 1, 'A'),
(311, '2016-12-16', 423, 23, 23, 'A'),
(312, '2016-12-18', 300, 2, 2, 'A'),
(313, '2016-12-19', 279, 7, 7, 'A'),
(314, '2016-12-20', 225, 15, 15, 'A'),
(315, '2016-12-23', 151, 14, 14, 'A'),
(316, '2016-12-26', 344, 9, 9, 'A'),
(317, '2016-12-30', 101, 9, 9, 'A'),
(318, '2017-01-10', 339, 18, 18, 'A'),
(319, '2017-01-11', 419, 11, 11, 'A'),
(320, '2017-01-13', 429, 23, 23, 'A'),
(321, '2017-01-14', 444, 9, 9, 'A'),
(322, '2017-01-16', 47, 16, 16, 'A'),
(323, '2017-01-16', 162, 23, 23, 'A'),
(324, '2017-01-19', 171, 23, 23, 'A'),
(325, '2017-01-21', 368, 17, 17, 'A'),
(326, '2017-01-31', 480, 21, 21, 'A'),
(327, '2017-01-31', 276, 12, 12, 'A'),
(328, '2017-02-03', 59, 20, 20, 'A'),
(329, '2017-02-12', 54, 22, 22, 'A'),
(330, '2017-02-16', 167, 13, 13, 'A'),
(331, '2017-02-17', 172, 10, 10, 'A'),
(332, '2017-02-21', 248, 14, 14, 'A'),
(333, '2017-02-21', 280, 20, 20, 'A'),
(334, '2017-02-22', 28, 21, 21, 'A'),
(335, '2017-02-23', 429, 8, 8, 'A'),
(336, '2017-02-25', 484, 5, 5, 'A'),
(337, '2017-03-03', 376, 7, 7, 'A'),
(338, '2017-03-03', 167, 10, 10, 'A'),
(339, '2017-03-04', 162, 6, 6, 'A'),
(340, '2017-03-19', 332, 13, 13, 'A'),
(341, '2017-03-22', 29, 4, 4, 'A'),
(342, '2017-03-25', 135, 7, 7, 'A'),
(343, '2017-03-29', 458, 6, 6, 'A'),
(344, '2017-03-29', 92, 13, 13, 'A'),
(345, '2017-04-05', 81, 21, 21, 'A'),
(346, '2017-04-06', 328, 3, 3, 'A'),
(347, '2017-04-09', 285, 10, 10, 'A'),
(348, '2017-04-10', 183, 7, 7, 'A'),
(349, '2017-04-11', 200, 11, 11, 'A'),
(350, '2017-04-11', 11, 19, 19, 'A'),
(351, '2017-04-16', 16, 3, 3, 'A'),
(352, '2017-04-20', 280, 6, 6, 'A'),
(353, '2017-04-25', 360, 10, 10, 'A'),
(354, '2017-05-15', 492, 22, 22, 'A'),
(355, '2017-05-18', 364, 16, 16, 'A'),
(356, '2017-05-27', 444, 20, 20, 'A'),
(357, '2017-06-05', 404, 9, 9, 'A'),
(358, '2017-06-18', 152, 14, 14, 'A'),
(359, '2017-06-19', 484, 21, 21, 'A'),
(360, '2017-06-21', 250, 23, 23, 'A'),
(361, '2017-06-21', 33, 7, 7, 'A'),
(362, '2017-06-21', 435, 23, 23, 'A'),
(363, '2017-06-27', 284, 3, 3, 'A'),
(364, '2017-06-29', 426, 23, 23, 'A'),
(365, '2017-07-03', 189, 12, 12, 'A'),
(366, '2017-07-06', 495, 16, 16, 'A'),
(367, '2017-07-06', 36, 5, 5, 'A'),
(368, '2017-07-09', 22, 13, 13, 'A'),
(369, '2017-07-11', 441, 4, 4, 'A'),
(370, '2017-07-19', 158, 15, 15, 'A'),
(371, '2017-07-26', 218, 5, 5, 'A'),
(372, '2017-07-29', 66, 1, 1, 'A'),
(373, '2017-08-01', 212, 9, 9, 'A'),
(374, '2017-08-16', 87, 21, 21, 'A'),
(375, '2017-08-17', 121, 3, 3, 'A'),
(376, '2017-08-22', 494, 5, 5, 'A'),
(377, '2017-08-22', 282, 9, 9, 'A'),
(378, '2017-08-23', 363, 11, 11, 'A'),
(379, '2017-08-31', 351, 20, 20, 'A'),
(380, '2017-09-03', 368, 3, 3, 'A'),
(381, '2017-09-04', 182, 12, 12, 'A'),
(382, '2017-09-07', 207, 5, 5, 'A'),
(383, '2017-09-12', 270, 1, 1, 'A'),
(384, '2017-09-13', 43, 1, 1, 'A'),
(385, '2017-09-16', 282, 1, 1, 'A'),
(386, '2017-09-19', 56, 23, 23, 'A'),
(387, '2017-09-21', 384, 16, 16, 'A'),
(388, '2017-09-23', 332, 18, 18, 'A'),
(389, '2017-09-30', 224, 22, 22, 'A'),
(390, '2017-10-08', 479, 11, 11, 'A'),
(391, '2017-10-08', 212, 17, 17, 'A'),
(392, '2017-10-11', 336, 4, 4, 'A'),
(393, '2017-10-14', 395, 13, 13, 'A'),
(394, '2017-10-17', 167, 18, 18, 'A'),
(395, '2017-10-22', 232, 11, 11, 'A'),
(396, '2017-10-26', 306, 11, 11, 'A'),
(397, '2017-10-29', 202, 1, 1, 'A'),
(398, '2017-10-31', 43, 3, 3, 'A'),
(399, '2017-11-11', 118, 18, 18, 'A'),
(400, '2017-11-18', 176, 14, 14, 'A'),
(401, '2017-11-18', 140, 12, 12, 'A'),
(402, '2017-11-20', 437, 15, 15, 'A'),
(403, '2017-11-22', 209, 18, 18, 'A'),
(404, '2017-11-27', 80, 13, 13, 'A'),
(405, '2017-12-03', 451, 2, 2, 'A'),
(406, '2017-12-05', 51, 23, 23, 'A'),
(407, '2017-12-06', 63, 15, 15, 'A'),
(408, '2017-12-08', 185, 21, 21, 'A'),
(409, '2017-12-09', 119, 12, 12, 'A'),
(410, '2017-12-09', 412, 8, 8, 'A'),
(411, '2017-12-14', 462, 15, 15, 'A'),
(412, '2017-12-18', 167, 2, 2, 'A'),
(413, '2017-12-21', 386, 17, 17, 'A'),
(414, '2017-12-22', 346, 1, 1, 'A'),
(415, '2017-12-25', 146, 5, 5, 'A'),
(416, '2017-12-27', 454, 9, 9, 'A'),
(417, '2017-12-28', 86, 9, 9, 'A'),
(418, '2018-01-07', 436, 2, 2, 'A'),
(419, '2018-01-11', 392, 10, 10, 'A'),
(420, '2018-01-18', 467, 10, 10, 'A'),
(421, '2018-01-22', 331, 6, 6, 'A'),
(422, '2018-01-25', 80, 2, 2, 'A'),
(423, '2018-01-30', 393, 18, 18, 'A'),
(424, '2018-01-31', 397, 14, 14, 'A'),
(425, '2018-02-01', 57, 14, 14, 'A'),
(426, '2018-02-03', 260, 3, 3, 'A'),
(427, '2018-02-12', 170, 21, 21, 'A'),
(428, '2018-02-13', 274, 18, 18, 'A'),
(429, '2018-02-22', 425, 15, 15, 'A'),
(430, '2018-02-22', 245, 10, 10, 'A'),
(431, '2018-02-25', 267, 23, 23, 'A'),
(432, '2018-03-04', 7, 2, 2, 'A'),
(433, '2018-03-06', 208, 21, 21, 'A'),
(434, '2018-03-10', 422, 23, 23, 'A'),
(435, '2018-03-11', 8, 9, 9, 'A'),
(436, '2018-03-14', 129, 8, 8, 'A'),
(437, '2018-03-17', 224, 22, 22, 'A'),
(438, '2018-03-18', 44, 17, 17, 'A'),
(439, '2018-03-22', 8, 23, 23, 'A'),
(440, '2018-03-28', 60, 23, 23, 'A'),
(441, '2018-04-03', 429, 10, 10, 'A'),
(442, '2018-04-04', 417, 5, 5, 'A'),
(443, '2018-04-09', 206, 21, 21, 'A'),
(444, '2018-04-09', 390, 3, 3, 'A'),
(445, '2018-04-11', 376, 1, 1, 'A'),
(446, '2018-04-14', 369, 22, 22, 'A'),
(447, '2018-04-16', 53, 13, 13, 'A'),
(448, '2018-04-17', 109, 14, 14, 'A'),
(449, '2018-04-18', 102, 4, 4, 'A'),
(450, '2018-04-22', 219, 5, 5, 'A'),
(451, '2018-04-23', 108, 19, 19, 'A'),
(452, '2018-04-27', 195, 11, 11, 'A'),
(453, '2018-05-02', 103, 3, 3, 'A'),
(454, '2018-05-06', 7, 12, 12, 'A'),
(455, '2018-05-07', 288, 4, 4, 'A'),
(456, '2018-05-14', 325, 8, 8, 'A'),
(457, '2018-05-18', 357, 1, 1, 'A'),
(458, '2018-05-19', 176, 3, 3, 'A'),
(459, '2018-05-29', 462, 21, 21, 'A'),
(460, '2018-05-30', 127, 9, 9, 'A'),
(461, '2018-05-30', 149, 19, 19, 'A'),
(462, '2018-06-08', 460, 22, 22, 'A'),
(463, '2018-06-09', 149, 11, 11, 'A'),
(464, '2018-06-13', 450, 19, 19, 'A'),
(465, '2018-06-14', 447, 8, 8, 'A'),
(466, '2018-06-14', 229, 7, 7, 'A'),
(467, '2018-06-16', 121, 8, 8, 'A'),
(468, '2018-06-17', 241, 6, 6, 'A'),
(469, '2018-06-23', 192, 9, 9, 'A'),
(470, '2018-06-24', 214, 3, 3, 'A'),
(471, '2018-06-25', 134, 2, 2, 'A'),
(472, '2018-07-11', 220, 21, 21, 'A'),
(473, '2018-07-14', 195, 20, 20, 'A'),
(474, '2018-07-16', 207, 16, 16, 'A'),
(475, '2018-07-20', 60, 14, 14, 'A'),
(476, '2018-07-23', 83, 21, 21, 'A'),
(477, '2018-07-24', 344, 14, 14, 'A'),
(478, '2018-07-31', 156, 5, 5, 'A'),
(479, '2018-08-03', 388, 4, 4, 'A'),
(480, '2018-08-07', 303, 10, 10, 'A'),
(481, '2018-08-07', 19, 1, 1, 'A'),
(482, '2018-08-07', 437, 9, 9, 'A'),
(483, '2018-08-13', 468, 9, 9, 'A'),
(484, '2018-08-13', 415, 11, 11, 'A'),
(485, '2018-08-19', 365, 17, 17, 'A'),
(486, '2018-09-01', 362, 8, 8, 'A'),
(487, '2018-09-01', 216, 20, 20, 'A'),
(488, '2018-09-02', 36, 11, 11, 'A'),
(489, '2018-09-03', 300, 19, 19, 'A'),
(490, '2018-09-04', 26, 3, 3, 'A'),
(491, '2018-09-06', 289, 6, 6, 'A'),
(492, '2018-09-07', 131, 9, 9, 'A'),
(493, '2018-09-08', 304, 1, 1, 'A'),
(494, '2018-09-10', 198, 19, 19, 'A'),
(495, '2018-09-12', 238, 2, 2, 'A'),
(496, '2018-09-16', 44, 19, 19, 'A'),
(497, '2018-09-16', 138, 2, 2, 'A'),
(498, '2018-09-29', 23, 17, 17, 'A'),
(499, '2018-09-29', 110, 7, 7, 'A'),
(500, '2018-10-01', 491, 5, 5, 'A'),
(501, '2018-10-09', 16, 7, 7, 'A'),
(502, '2018-10-25', 195, 16, 16, 'A'),
(503, '2018-11-01', 430, 12, 12, 'A'),
(504, '2018-11-05', 257, 6, 6, 'A'),
(505, '2018-11-06', 197, 23, 23, 'A'),
(506, '2018-11-09', 285, 14, 14, 'A'),
(507, '2018-11-15', 493, 13, 13, 'A'),
(508, '2018-11-20', 483, 13, 13, 'A'),
(509, '2018-11-20', 494, 18, 18, 'A'),
(510, '2018-11-20', 115, 23, 23, 'A'),
(511, '2018-11-24', 179, 5, 5, 'A'),
(512, '2018-11-25', 243, 23, 23, 'A'),
(513, '2018-11-27', 496, 12, 12, 'A'),
(514, '2018-12-02', 16, 7, 7, 'A'),
(515, '2018-12-09', 89, 16, 16, 'A'),
(516, '2018-12-12', 71, 11, 11, 'A'),
(517, '2018-12-22', 291, 23, 23, 'A'),
(518, '2018-12-24', 452, 11, 11, 'A'),
(519, '2018-12-27', 487, 4, 4, 'A'),
(520, '2018-12-28', 12, 1, 1, 'A');

-- --------------------------------------------------------

--
-- Estructura de tabla para la tabla `consultamedica`
--

CREATE TABLE `consultamedica` (
  `idconsultamedica` int(11) NOT NULL,
  `idcita` int(11) NOT NULL,
  `idenfermedad` int(11) NOT NULL,
  `diagnostico` varchar(50) NOT NULL,
  `idmedicina` int(11) NOT NULL,
  `estado` varchar(20) NOT NULL
) ENGINE=InnoDB DEFAULT CHARSET=utf8;

--
-- Volcado de datos para la tabla `consultamedica`
--

INSERT INTO `consultamedica` (`idconsultamedica`, `idcita`, `idenfermedad`, `diagnostico`, `idmedicina`, `estado`) VALUES
(1, 1, 4, '', 7, 'A'),
(2, 2, 16, '', 4, 'A'),
(3, 3, 12, '', 2, 'A'),
(4, 4, 32, '', 1, 'A'),
(5, 5, 8, '', 4, 'A'),
(6, 6, 33, '', 26, 'A'),
(7, 7, 33, '', 8, 'A'),
(8, 8, 6, '', 17, 'A'),
(9, 9, 31, '', 21, 'A'),
(10, 10, 29, '', 18, 'A'),
(11, 11, 9, '', 6, 'A'),
(12, 12, 2, '', 27, 'A'),
(13, 13, 27, '', 10, 'A'),
(14, 14, 19, '', 5, 'A'),
(15, 15, 29, '', 19, 'A'),
(16, 16, 33, '', 10, 'A'),
(17, 17, 2, '', 23, 'A'),
(18, 18, 29, '', 24, 'A'),
(19, 19, 12, '', 1, 'A'),
(20, 20, 32, '', 12, 'A'),
(21, 21, 6, '', 15, 'A'),
(22, 22, 6, '', 8, 'A'),
(23, 23, 33, '', 5, 'A'),
(24, 24, 27, '', 22, 'A'),
(25, 25, 2, '', 27, 'A'),
(26, 26, 9, '', 17, 'A'),
(27, 27, 27, '', 24, 'A'),
(28, 28, 12, '', 1, 'A'),
(29, 29, 25, '', 4, 'A'),
(30, 30, 32, '', 22, 'A'),
(31, 31, 6, '', 16, 'A'),
(32, 32, 2, '', 26, 'A'),
(33, 33, 12, '', 22, 'A'),
(34, 34, 21, '', 19, 'A'),
(35, 35, 27, '', 14, 'A'),
(36, 36, 7, '', 20, 'A'),
(37, 37, 34, '', 21, 'A'),
(38, 38, 7, '', 7, 'A'),
(39, 39, 26, '', 10, 'A'),
(40, 40, 18, '', 26, 'A'),
(41, 41, 6, '', 20, 'A'),
(42, 42, 32, '', 11, 'A'),
(43, 43, 25, '', 24, 'A'),
(44, 44, 32, '', 27, 'A'),
(45, 45, 14, '', 14, 'A'),
(46, 46, 10, '', 11, 'A'),
(47, 47, 15, '', 12, 'A'),
(48, 48, 11, '', 21, 'A'),
(49, 49, 22, '', 5, 'A'),
(50, 50, 32, '', 26, 'A'),
(51, 51, 34, '', 25, 'A'),
(52, 52, 11, '', 2, 'A'),
(53, 53, 23, '', 9, 'A'),
(54, 54, 27, '', 10, 'A'),
(55, 55, 14, '', 18, 'A'),
(56, 56, 32, '', 17, 'A'),
(57, 57, 21, '', 26, 'A'),
(58, 58, 8, '', 14, 'A'),
(59, 59, 29, '', 24, 'A'),
(60, 60, 28, '', 19, 'A'),
(61, 61, 15, '', 10, 'A'),
(62, 62, 34, '', 9, 'A'),
(63, 63, 29, '', 21, 'A'),
(64, 64, 7, '', 4, 'A'),
(65, 65, 7, '', 17, 'A'),
(66, 66, 21, '', 9, 'A'),
(67, 67, 13, '', 23, 'A'),
(68, 68, 23, '', 26, 'A'),
(69, 69, 25, '', 19, 'A'),
(70, 70, 16, '', 6, 'A'),
(71, 71, 33, '', 18, 'A'),
(72, 72, 23, '', 18, 'A'),
(73, 73, 18, '', 16, 'A'),
(74, 74, 25, '', 4, 'A'),
(75, 75, 6, '', 23, 'A'),
(76, 76, 5, '', 21, 'A'),
(77, 77, 2, '', 13, 'A'),
(78, 78, 5, '', 16, 'A'),
(79, 79, 8, '', 12, 'A'),
(80, 80, 31, '', 19, 'A'),
(81, 81, 27, '', 23, 'A'),
(82, 82, 30, '', 22, 'A'),
(83, 83, 10, '', 24, 'A'),
(84, 84, 26, '', 13, 'A'),
(85, 85, 5, '', 8, 'A'),
(86, 86, 15, '', 10, 'A'),
(87, 87, 34, '', 7, 'A'),
(88, 88, 19, '', 2, 'A'),
(89, 89, 30, '', 7, 'A'),
(90, 90, 15, '', 7, 'A'),
(91, 91, 17, '', 23, 'A'),
(92, 92, 3, '', 21, 'A'),
(93, 93, 26, '', 24, 'A'),
(94, 94, 32, '', 18, 'A'),
(95, 95, 15, '', 24, 'A'),
(96, 96, 12, '', 8, 'A'),
(97, 97, 7, '', 12, 'A'),
(98, 98, 26, '', 9, 'A'),
(99, 99, 21, '', 24, 'A'),
(100, 100, 17, '', 11, 'A'),
(101, 101, 13, '', 12, 'A'),
(102, 102, 3, '', 26, 'A'),
(103, 103, 3, '', 7, 'A'),
(104, 104, 32, '', 5, 'A'),
(105, 105, 18, '', 22, 'A'),
(106, 106, 19, '', 9, 'A'),
(107, 107, 4, '', 9, 'A'),
(108, 108, 3, '', 27, 'A'),
(109, 109, 31, '', 15, 'A'),
(110, 110, 9, '', 11, 'A'),
(111, 111, 26, '', 20, 'A'),
(112, 112, 13, '', 7, 'A'),
(113, 113, 17, '', 11, 'A'),
(114, 114, 1, '', 22, 'A'),
(115, 115, 33, '', 27, 'A'),
(116, 116, 16, '', 20, 'A'),
(117, 117, 4, '', 17, 'A'),
(118, 118, 17, '', 19, 'A'),
(119, 119, 14, '', 6, 'A'),
(120, 120, 20, '', 7, 'A'),
(121, 121, 29, '', 5, 'A'),
(122, 122, 21, '', 4, 'A'),
(123, 123, 11, '', 2, 'A'),
(124, 124, 27, '', 5, 'A'),
(125, 125, 18, '', 12, 'A'),
(126, 126, 26, '', 8, 'A'),
(127, 127, 31, '', 27, 'A'),
(128, 128, 7, '', 7, 'A'),
(129, 129, 1, '', 21, 'A'),
(130, 130, 27, '', 26, 'A'),
(131, 131, 24, '', 19, 'A'),
(132, 132, 16, '', 13, 'A'),
(133, 133, 18, '', 24, 'A'),
(134, 134, 10, '', 1, 'A'),
(135, 135, 27, '', 15, 'A'),
(136, 136, 14, '', 6, 'A'),
(137, 137, 32, '', 10, 'A'),
(138, 138, 15, '', 4, 'A'),
(139, 139, 34, '', 17, 'A'),
(140, 140, 12, '', 20, 'A'),
(141, 141, 28, '', 26, 'A'),
(142, 142, 19, '', 25, 'A'),
(143, 143, 24, '', 20, 'A'),
(144, 144, 14, '', 17, 'A'),
(145, 145, 26, '', 21, 'A'),
(146, 146, 8, '', 8, 'A'),
(147, 147, 12, '', 10, 'A'),
(148, 148, 2, '', 21, 'A'),
(149, 149, 32, '', 8, 'A'),
(150, 150, 6, '', 25, 'A'),
(151, 151, 11, '', 9, 'A'),
(152, 152, 15, '', 2, 'A'),
(153, 153, 27, '', 6, 'A'),
(154, 154, 9, '', 16, 'A'),
(155, 155, 31, '', 3, 'A'),
(156, 156, 15, '', 19, 'A'),
(157, 157, 5, '', 21, 'A'),
(158, 158, 15, '', 18, 'A'),
(159, 159, 9, '', 13, 'A'),
(160, 160, 5, '', 10, 'A'),
(161, 161, 18, '', 12, 'A'),
(162, 162, 15, '', 23, 'A'),
(163, 163, 24, '', 18, 'A'),
(164, 164, 30, '', 18, 'A'),
(165, 165, 13, '', 27, 'A'),
(166, 166, 29, '', 14, 'A'),
(167, 167, 5, '', 25, 'A'),
(168, 168, 20, '', 22, 'A'),
(169, 169, 10, '', 10, 'A'),
(170, 170, 15, '', 16, 'A'),
(171, 171, 1, '', 23, 'A'),
(172, 172, 6, '', 16, 'A'),
(173, 173, 32, '', 2, 'A'),
(174, 174, 32, '', 9, 'A'),
(175, 175, 11, '', 26, 'A'),
(176, 176, 3, '', 24, 'A'),
(177, 177, 1, '', 17, 'A'),
(178, 178, 26, '', 23, 'A'),
(179, 179, 22, '', 11, 'A'),
(180, 180, 28, '', 4, 'A'),
(181, 181, 31, '', 3, 'A'),
(182, 182, 11, '', 12, 'A'),
(183, 183, 33, '', 17, 'A'),
(184, 184, 33, '', 21, 'A'),
(185, 185, 13, '', 26, 'A'),
(186, 186, 22, '', 7, 'A'),
(187, 187, 16, '', 22, 'A'),
(188, 188, 10, '', 7, 'A'),
(189, 189, 12, '', 1, 'A'),
(190, 190, 22, '', 7, 'A'),
(191, 191, 33, '', 10, 'A'),
(192, 192, 34, '', 19, 'A'),
(193, 193, 25, '', 10, 'A'),
(194, 194, 14, '', 19, 'A'),
(195, 195, 15, '', 2, 'A'),
(196, 196, 17, '', 20, 'A'),
(197, 197, 4, '', 15, 'A'),
(198, 198, 30, '', 4, 'A'),
(199, 199, 20, '', 21, 'A'),
(200, 200, 29, '', 23, 'A'),
(201, 201, 32, '', 25, 'A'),
(202, 202, 34, '', 26, 'A'),
(203, 203, 13, '', 9, 'A'),
(204, 204, 26, '', 11, 'A'),
(205, 205, 25, '', 9, 'A'),
(206, 206, 24, '', 1, 'A'),
(207, 207, 6, '', 27, 'A'),
(208, 208, 17, '', 9, 'A'),
(209, 209, 12, '', 21, 'A'),
(210, 210, 31, '', 19, 'A'),
(211, 211, 21, '', 3, 'A'),
(212, 212, 25, '', 4, 'A'),
(213, 213, 32, '', 13, 'A'),
(214, 214, 14, '', 12, 'A'),
(215, 215, 10, '', 1, 'A'),
(216, 216, 15, '', 9, 'A'),
(217, 217, 11, '', 7, 'A'),
(218, 218, 22, '', 14, 'A'),
(219, 219, 32, '', 10, 'A'),
(220, 220, 34, '', 27, 'A'),
(221, 221, 11, '', 6, 'A'),
(222, 222, 23, '', 19, 'A'),
(223, 223, 27, '', 4, 'A'),
(224, 224, 14, '', 15, 'A'),
(225, 225, 32, '', 18, 'A'),
(226, 226, 21, '', 15, 'A'),
(227, 227, 8, '', 17, 'A'),
(228, 228, 29, '', 2, 'A'),
(229, 229, 28, '', 20, 'A'),
(230, 230, 15, '', 25, 'A'),
(231, 231, 34, '', 11, 'A'),
(232, 232, 29, '', 7, 'A'),
(233, 233, 7, '', 8, 'A'),
(234, 234, 7, '', 12, 'A'),
(235, 235, 21, '', 26, 'A'),
(236, 236, 13, '', 24, 'A'),
(237, 237, 23, '', 22, 'A'),
(238, 238, 25, '', 11, 'A'),
(239, 239, 16, '', 5, 'A'),
(240, 240, 33, '', 21, 'A'),
(241, 241, 23, '', 23, 'A'),
(242, 242, 18, '', 17, 'A'),
(243, 243, 25, '', 22, 'A'),
(244, 244, 6, '', 25, 'A'),
(245, 245, 5, '', 22, 'A'),
(246, 246, 2, '', 4, 'A'),
(247, 247, 5, '', 15, 'A'),
(248, 248, 8, '', 21, 'A'),
(249, 249, 31, '', 9, 'A'),
(250, 250, 27, '', 8, 'A'),
(251, 251, 30, '', 25, 'A'),
(252, 252, 10, '', 19, 'A'),
(253, 253, 26, '', 17, 'A'),
(254, 254, 5, '', 20, 'A'),
(255, 255, 15, '', 24, 'A'),
(256, 256, 34, '', 16, 'A'),
(257, 257, 19, '', 8, 'A'),
(258, 258, 30, '', 7, 'A'),
(259, 259, 15, '', 8, 'A'),
(260, 260, 17, '', 2, 'A'),
(261, 261, 3, '', 5, 'A'),
(262, 262, 26, '', 11, 'A'),
(263, 263, 32, '', 12, 'A'),
(264, 264, 15, '', 14, 'A'),
(265, 265, 12, '', 3, 'A'),
(266, 266, 7, '', 1, 'A'),
(267, 267, 26, '', 26, 'A'),
(268, 268, 21, '', 2, 'A'),
(269, 269, 17, '', 24, 'A'),
(270, 270, 13, '', 17, 'A'),
(271, 271, 3, '', 13, 'A'),
(272, 272, 3, '', 16, 'A'),
(273, 273, 32, '', 23, 'A'),
(274, 274, 18, '', 8, 'A'),
(275, 275, 19, '', 11, 'A'),
(276, 276, 4, '', 15, 'A'),
(277, 277, 3, '', 18, 'A'),
(278, 278, 31, '', 6, 'A'),
(279, 279, 9, '', 23, 'A'),
(280, 280, 26, '', 19, 'A'),
(281, 281, 13, '', 11, 'A'),
(282, 282, 17, '', 17, 'A'),
(283, 283, 1, '', 18, 'A'),
(284, 284, 33, '', 7, 'A'),
(285, 285, 16, '', 10, 'A'),
(286, 286, 4, '', 25, 'A'),
(287, 287, 17, '', 14, 'A'),
(288, 288, 14, '', 15, 'A'),
(289, 289, 20, '', 8, 'A'),
(290, 290, 29, '', 12, 'A'),
(291, 291, 21, '', 19, 'A'),
(292, 292, 11, '', 18, 'A'),
(293, 293, 27, '', 12, 'A'),
(294, 294, 18, '', 12, 'A'),
(295, 295, 26, '', 22, 'A'),
(296, 296, 31, '', 14, 'A'),
(297, 297, 7, '', 18, 'A'),
(298, 298, 1, '', 21, 'A'),
(299, 299, 27, '', 18, 'A'),
(300, 300, 24, '', 1, 'A'),
(301, 301, 16, '', 11, 'A'),
(302, 302, 18, '', 20, 'A'),
(303, 303, 10, '', 3, 'A'),
(304, 304, 27, '', 1, 'A'),
(305, 305, 14, '', 22, 'A'),
(306, 306, 32, '', 26, 'A'),
(307, 307, 15, '', 3, 'A'),
(308, 308, 34, '', 9, 'A'),
(309, 309, 12, '', 8, 'A'),
(310, 310, 28, '', 7, 'A'),
(311, 311, 19, '', 2, 'A'),
(312, 312, 3, '', 19, 'A'),
(313, 313, 2, '', 13, 'A'),
(314, 314, 30, '', 26, 'A'),
(315, 315, 19, '', 19, 'A'),
(316, 316, 18, '', 20, 'A'),
(317, 317, 7, '', 27, 'A'),
(318, 318, 34, '', 18, 'A'),
(319, 319, 2, '', 2, 'A'),
(320, 320, 20, '', 2, 'A'),
(321, 321, 31, '', 5, 'A'),
(322, 322, 25, '', 24, 'A'),
(323, 323, 28, '', 21, 'A'),
(324, 324, 29, '', 2, 'A'),
(325, 325, 19, '', 18, 'A'),
(326, 326, 7, '', 4, 'A'),
(327, 327, 19, '', 14, 'A'),
(328, 328, 2, '', 10, 'A'),
(329, 329, 5, '', 22, 'A'),
(330, 330, 21, '', 4, 'A'),
(331, 331, 15, '', 27, 'A'),
(332, 332, 10, '', 18, 'A'),
(333, 333, 9, '', 11, 'A'),
(334, 334, 22, '', 19, 'A'),
(335, 335, 13, '', 9, 'A'),
(336, 336, 9, '', 16, 'A'),
(337, 337, 31, '', 2, 'A'),
(338, 338, 19, '', 5, 'A'),
(339, 339, 13, '', 25, 'A'),
(340, 340, 16, '', 11, 'A'),
(341, 341, 8, '', 16, 'A'),
(342, 342, 13, '', 17, 'A'),
(343, 343, 24, '', 12, 'A'),
(344, 344, 7, '', 16, 'A'),
(345, 345, 1, '', 19, 'A'),
(346, 346, 16, '', 10, 'A'),
(347, 347, 11, '', 24, 'A'),
(348, 348, 2, '', 13, 'A'),
(349, 349, 5, '', 9, 'A'),
(350, 350, 16, '', 25, 'A'),
(351, 351, 33, '', 24, 'A'),
(352, 352, 31, '', 10, 'A'),
(353, 353, 18, '', 14, 'A'),
(354, 354, 8, '', 27, 'A'),
(355, 355, 9, '', 7, 'A'),
(356, 356, 25, '', 25, 'A'),
(357, 357, 4, '', 1, 'A'),
(358, 358, 12, '', 23, 'A'),
(359, 359, 10, '', 24, 'A'),
(360, 360, 24, '', 9, 'A'),
(361, 361, 7, '', 15, 'A'),
(362, 362, 5, '', 21, 'A'),
(363, 363, 6, '', 11, 'A'),
(364, 364, 3, '', 18, 'A'),
(365, 365, 27, '', 21, 'A'),
(366, 366, 12, '', 18, 'A'),
(367, 367, 26, '', 13, 'A'),
(368, 368, 27, '', 15, 'A'),
(369, 369, 13, '', 9, 'A'),
(370, 370, 1, '', 22, 'A'),
(371, 371, 23, '', 21, 'A'),
(372, 372, 28, '', 16, 'A'),
(373, 373, 20, '', 27, 'A'),
(374, 374, 21, '', 22, 'A'),
(375, 375, 33, '', 15, 'A'),
(376, 376, 27, '', 3, 'A'),
(377, 377, 7, '', 19, 'A'),
(378, 378, 5, '', 1, 'A'),
(379, 379, 26, '', 9, 'A'),
(380, 380, 33, '', 26, 'A'),
(381, 381, 6, '', 12, 'A'),
(382, 382, 20, '', 1, 'A'),
(383, 383, 25, '', 27, 'A'),
(384, 384, 30, '', 26, 'A'),
(385, 385, 1, '', 21, 'A'),
(386, 386, 4, '', 17, 'A'),
(387, 387, 5, '', 16, 'A'),
(388, 388, 21, '', 27, 'A'),
(389, 389, 24, '', 14, 'A'),
(390, 390, 14, '', 25, 'A'),
(391, 391, 26, '', 6, 'A'),
(392, 392, 8, '', 5, 'A'),
(393, 393, 12, '', 16, 'A'),
(394, 394, 2, '', 17, 'A'),
(395, 395, 32, '', 19, 'A'),
(396, 396, 6, '', 11, 'A'),
(397, 397, 11, '', 26, 'A'),
(398, 398, 15, '', 25, 'A'),
(399, 399, 27, '', 26, 'A'),
(400, 400, 9, '', 12, 'A'),
(401, 401, 31, '', 13, 'A'),
(402, 402, 15, '', 11, 'A'),
(403, 403, 5, '', 15, 'A'),
(404, 404, 15, '', 2, 'A'),
(405, 405, 9, '', 25, 'A'),
(406, 406, 5, '', 23, 'A'),
(407, 407, 18, '', 10, 'A'),
(408, 408, 15, '', 16, 'A'),
(409, 409, 24, '', 7, 'A'),
(410, 410, 30, '', 10, 'A'),
(411, 411, 13, '', 15, 'A'),
(412, 412, 14, '', 16, 'A'),
(413, 413, 6, '', 10, 'A'),
(414, 414, 25, '', 11, 'A'),
(415, 415, 25, '', 15, 'A'),
(416, 416, 21, '', 10, 'A'),
(417, 417, 16, '', 14, 'A'),
(418, 418, 33, '', 19, 'A'),
(419, 419, 7, '', 24, 'A'),
(420, 420, 24, '', 6, 'A'),
(421, 421, 15, '', 14, 'A'),
(422, 422, 26, '', 24, 'A'),
(423, 423, 25, '', 2, 'A'),
(424, 424, 30, '', 11, 'A'),
(425, 425, 2, '', 2, 'A'),
(426, 426, 21, '', 6, 'A'),
(427, 427, 9, '', 5, 'A'),
(428, 428, 4, '', 16, 'A'),
(429, 429, 22, '', 17, 'A'),
(430, 430, 25, '', 19, 'A'),
(431, 431, 25, '', 27, 'A'),
(432, 432, 5, '', 21, 'A'),
(433, 433, 18, '', 13, 'A'),
(434, 434, 23, '', 18, 'A'),
(435, 435, 22, '', 26, 'A'),
(436, 436, 2, '', 24, 'A'),
(437, 437, 34, '', 15, 'A'),
(438, 438, 4, '', 10, 'A'),
(439, 439, 30, '', 10, 'A'),
(440, 440, 7, '', 9, 'A'),
(441, 441, 32, '', 21, 'A'),
(442, 442, 32, '', 20, 'A'),
(443, 443, 6, '', 7, 'A'),
(444, 444, 24, '', 21, 'A'),
(445, 445, 26, '', 15, 'A'),
(446, 446, 8, '', 7, 'A'),
(447, 447, 32, '', 7, 'A'),
(448, 448, 25, '', 24, 'A'),
(449, 449, 10, '', 16, 'A'),
(450, 450, 16, '', 26, 'A'),
(451, 451, 9, '', 7, 'A'),
(452, 452, 12, '', 4, 'A'),
(453, 453, 18, '', 23, 'A'),
(454, 454, 12, '', 13, 'A'),
(455, 455, 30, '', 11, 'A'),
(456, 456, 32, '', 17, 'A'),
(457, 457, 10, '', 7, 'A'),
(458, 458, 15, '', 14, 'A'),
(459, 459, 2, '', 14, 'A'),
(460, 460, 2, '', 5, 'A'),
(461, 461, 24, '', 22, 'A'),
(462, 462, 22, '', 12, 'A'),
(463, 463, 11, '', 9, 'A'),
(464, 464, 21, '', 25, 'A'),
(465, 465, 33, '', 20, 'A'),
(466, 466, 32, '', 3, 'A'),
(467, 467, 12, '', 5, 'A'),
(468, 468, 17, '', 11, 'A'),
(469, 469, 34, '', 11, 'A'),
(470, 470, 19, '', 25, 'A'),
(471, 471, 19, '', 8, 'A'),
(472, 472, 34, '', 2, 'A'),
(473, 473, 16, '', 10, 'A'),
(474, 474, 31, '', 5, 'A'),
(475, 475, 11, '', 6, 'A'),
(476, 476, 5, '', 9, 'A'),
(477, 477, 7, '', 9, 'A'),
(478, 478, 20, '', 17, 'A'),
(479, 479, 14, '', 17, 'A'),
(480, 480, 26, '', 3, 'A'),
(481, 481, 32, '', 1, 'A'),
(482, 482, 9, '', 27, 'A'),
(483, 483, 7, '', 4, 'A'),
(484, 484, 25, '', 16, 'A'),
(485, 485, 2, '', 6, 'A'),
(486, 486, 14, '', 19, 'A'),
(487, 487, 18, '', 22, 'A'),
(488, 488, 21, '', 18, 'A'),
(489, 489, 29, '', 23, 'A'),
(490, 490, 5, '', 13, 'A'),
(491, 491, 20, '', 5, 'A'),
(492, 492, 10, '', 7, 'A'),
(493, 493, 15, '', 6, 'A'),
(494, 494, 1, '', 6, 'A'),
(495, 495, 6, '', 11, 'A'),
(496, 496, 32, '', 14, 'A'),
(497, 497, 32, '', 1, 'A'),
(498, 498, 11, '', 8, 'A'),
(499, 499, 3, '', 16, 'A'),
(500, 500, 1, '', 18, 'A'),
(501, 501, 26, '', 11, 'A'),
(502, 502, 22, '', 4, 'A'),
(503, 503, 28, '', 3, 'A'),
(504, 504, 31, '', 12, 'A'),
(505, 505, 11, '', 17, 'A'),
(506, 506, 33, '', 21, 'A'),
(507, 507, 33, '', 26, 'A'),
(508, 508, 13, '', 7, 'A'),
(509, 509, 22, '', 22, 'A'),
(510, 510, 16, '', 7, 'A'),
(511, 511, 10, '', 1, 'A'),
(512, 512, 16, '', 7, 'A'),
(513, 513, 32, '', 10, 'A'),
(514, 514, 17, '', 19, 'A'),
(515, 515, 11, '', 10, 'A'),
(516, 516, 2, '', 19, 'A'),
(517, 517, 27, '', 2, 'A'),
(518, 518, 26, '', 20, 'A'),
(519, 519, 2, '', 15, 'A'),
(520, 520, 15, '', 4, 'A');

-- --------------------------------------------------------

--
-- Estructura de tabla para la tabla `consultorio`
--

CREATE TABLE `consultorio` (
  `idconsultorio` int(11) NOT NULL,
  `nroconsultorio` varchar(50) NOT NULL,
  `descripcion` varchar(50) NOT NULL,
  `estado` varchar(50) NOT NULL
) ENGINE=InnoDB DEFAULT CHARSET=utf8;

--
-- Volcado de datos para la tabla `consultorio`
--

INSERT INTO `consultorio` (`idconsultorio`, `nroconsultorio`, `descripcion`, `estado`) VALUES
(1, '101', 'Triaje', 'A'),
(2, '102', 'Farmacia ', 'A'),
(3, '103', 'sala de espera', 'A'),
(4, '104', 'Anestesiologia', 'A'),
(5, '105', 'Medicina General', 'A'),
(6, '106', 'Enfermeria', 'A'),
(7, '201', 'Sala de operaciones', 'A'),
(8, '202', 'Obstetricia', 'A'),
(9, '203', 'Pediatria', 'A'),
(10, '204', 'Laboratorio', 'A'),
(11, '205', 'Ginecologia', 'A'),
(12, '206', 'odontologia ', 'A'),
(13, '301', 'oftalmogia ', 'A'),
(14, '302', 'Urologia', 'A'),
(15, '303', 'Psicologia', 'A'),
(16, '304', 'Traumatologo', 'A'),
(17, '305', 'Cardiologia', 'A'),
(18, '306', 'Radiologia ', 'A'),
(19, '401', 'Anatomia Patologica', 'A'),
(20, '402', 'Cardiologia', 'A'),
(21, '403', 'Hospitacion', 'A'),
(22, '404', 'Dermatologia', 'A'),
(23, '405', 'Cirugia General', 'A'),
(24, '406', 'Gastroenterologia', 'A'),
(25, '501', 'Nutricion', 'A');

-- --------------------------------------------------------

--
-- Estructura de tabla para la tabla `enfermedad`
--

CREATE TABLE `enfermedad` (
  `idenfermedad` int(11) NOT NULL,
  `nombre` varchar(50) NOT NULL,
  `descripcion` varchar(200) NOT NULL,
  `estado` varchar(20) NOT NULL
) ENGINE=InnoDB DEFAULT CHARSET=utf8;

--
-- Volcado de datos para la tabla `enfermedad`
--

INSERT INTO `enfermedad` (`idenfermedad`, `nombre`, `descripcion`, `estado`) VALUES
(1, 'Gripe', 'Provocado por un virus', 'A'),
(2, 'Fiebre', 'temperaturas elevadas en el cuerpo', 'A'),
(3, 'Diabetes', ' enfermedades que tiene como resultado un exceso d', 'A'),
(4, 'Asma', 'Afeccion en la que las v?as respiratorias de una p', 'A'),
(5, 'Hepatitis', 'enfermedades que producen inflamacion del higado. ', 'A'),
(6, 'Caries ', 'ureas permanentemente da?adas de los dientes donde', 'A'),
(7, 'Obesidad ', ' exceso de peso corporal', 'A'),
(8, 'Tuberculosis', 'Enfermedad bacteriana infecciosa, potencialmente g', 'A'),
(9, 'Cancer', 'Enfermedad en la que c?lulas an?malas se dividen s', 'A'),
(10, 'Cistitis', 'Infeccion en cualquier parte del sistema urinario,', 'A'),
(11, 'Embolia Pulmonar', 'Afeccion en la que una o m?s arterias en los pulmo', 'A'),
(12, 'Control Embarazo', 'La atencion prenatal es el conjunto de actividades', 'A'),
(13, 'Taquicardias', ' es el incremento (aceleracion) de la frecuencia c', 'A'),
(14, 'Gastritis', 'Conjunto de trastornos caracterizados por la infla', 'A'),
(15, 'Cataratas', 'Opacidad del cristalino de los ojos que normalment', 'A'),
(16, 'Derrame ocular', 'fina membrana que recubre el ojo, una especie de t', 'A'),
(17, 'Icterisia', 'Coloracion amarillenta de la piel y las mucosas que se produce por un aumento de bilirrubina en la sangre como resultado de ciertos trastornos hepaticos', 'A'),
(18, 'Conjuntivitis', 'Inflamacion o infeccion de la membrana externa del globo ocular y el parpado interno', 'A'),
(19, 'Hongos', 'enfermedad en  la piel', 'A'),
(20, 'Bronquios', 'Los bronquios son tubos que se ramifican desde la traquea y llevan aire a los pulmones. Su problema mas comun es la bronquitis', 'A'),
(21, 'Meningitis', 'Inflamacion de las membranas de la m?dula espinal y el cerebro, usualmente a causa de una infeccion', 'A'),
(22, 'Prostata', 'Cancer de la prostata, una glandula del tama?o de una nuez que produce liquido seminal', 'A'),
(23, 'Osteoporosis', 'Afeccion en la que los huesos se debilitan y se vuelven fragiles', 'A'),
(24, 'Reuma', 'utiliza para hacer mencion a trastornos de nuestros huesos, articulaciones, tendones y ligamentos, que no sean debido a la lesion de los mismos por un golpe', 'A'),
(25, 'Derrame Cerebral', 'Lesion en el cerebro ocasionada por la interrupcion de la irrigacion sanguinea', 'A'),
(26, 'Transtornos ', 'Una amplia variedad de afecciones que afectan el estado de animo, el pensamiento y el comportamiento', 'A'),
(27, 'General', 'Cirugias', 'A'),
(28, 'Desnutricion', 'Problemas en la Alimentacion', 'A'),
(29, 'Alergias', 'Afeccion en la que el sistema inmunologico reacciona de forma anormal frente a una sustancia extraña', 'A'),
(30, 'Migraña', 'Cefalea de intensidad variada, usualmente acompañada de nauseas y sensibilidad a la luz y el sonido', 'A'),
(31, 'Intoxicacion', 'sustancia que cuando se encuentra en una determinada concentracion en el organismo de los seres vivos provoca un daño', 'A'),
(32, 'Menopausia', 'cese definitivo de la menstruacion secundario al cese de la actividad ovarica. Para confirmarla se precisan al menos 12 meses de ausencia de menstruacion (amenorrea)', 'A'),
(33, 'Deformidades', 'Marcas de nacimiento como hemangiomas de color rojo vinoso, nevus congenitos', ' Desarrollo anormal '),
(34, 'Escoliosis', 'Es una curvatura anormal de la columna vertebral. La columna vertebral de toda persona se curva un poco de manera natural, pero las personas con escoliosis tienen demasiada curvatura y su columna podr', 'A');

-- --------------------------------------------------------

--
-- Estructura de tabla para la tabla `especialidad`
--

CREATE TABLE `especialidad` (
  `idespecialidad` int(11) NOT NULL,
  `nombreespecialidad` varchar(50) NOT NULL,
  `descripcion` varchar(100) NOT NULL,
  `estado` varchar(20) NOT NULL
) ENGINE=InnoDB DEFAULT CHARSET=utf8;

--
-- Volcado de datos para la tabla `especialidad`
--

INSERT INTO `especialidad` (`idespecialidad`, `nombreespecialidad`, `descripcion`, `estado`) VALUES
(1, 'Anatomia Patologica', 'Parte de la anatomia que estudia las alteraciones o modificaciones anatomicas que aparecen en los or', 'A'),
(2, 'Anestesiologia', 'se ocupa del alivio del dolor y el cuidado global del paciente quirurgico antes, durante y despues d', 'A'),
(3, 'Obstetricia', 'son aquellos que captan donantes, tamizan sangre, realizan fraccionamiento de los hemocomponentes, a', 'A'),
(4, 'Cardiologia', 'encargada del estudio, diagnostico y tratamiento de las enfermedades del corazon y del aparato circu', 'A'),
(5, 'Cirugia General', 'abarca las operaciones en distintas zonas ', 'A'),
(6, 'Cirugia Plastica', 'especialidad medica que tiene por objeto la correccion y mejoramiento de anormalidades de origen con', 'A'),
(7, 'Dermatologia', 'especialidad medica encargada del estudio de la estructura y funcion de la piel', 'A'),
(8, 'Endocrinologia', 'Parte de la medicina que estudia la anatom?a, las funciones y las alteraciones de las glandulas endo', 'A'),
(9, 'Gastroenterologia', 'Parte de la medicina que se ocupa del estomago y los intestinos y sus enfermedades', 'A'),
(10, 'Gineocologia', ' especialidad de la medicina dedicada al cuidado del sistema reproductor femenino', 'A'),
(11, 'Hospitalizacion', 'Periodo de tiempo que una persona enferma o herida pasa en un hospital hasta obtener el alta medica', 'A'),
(12, 'Laboratorio Clinico ', 'clinico o analista clinico, los profesionales del laboratorio', 'A'),
(13, 'Medicina General ', ' medico general es un profesional capacitado para diagnosticar y manejar diferentes  enfermedades', 'A'),
(14, 'Neumologia ', 'Parte de la medicina que se ocupa del tratamiento y las enfermedades de los pulmones y las vias resp', 'A'),
(15, 'Nutricion ', 'Los alimentos entregan la energ?a y nutrientes que necesita para estar saludable', 'A'),
(16, 'odontologia ', 'La odontolog?a es una de las ciencias de la salud que se encarga del diagnostico, tratamiento y prev', 'A'),
(17, 'oftalmogia ', 'especialidad medica que estudia las enfermedades de ojo y su tratamiento', 'A'),
(18, 'Pedriatia ', 'Parte de la medicina que se ocupa del estudio del crecimiento y el desarrollo de los ni?os hasta la ', 'A'),
(19, 'Radiologia ', 'la especialidad medica, que se ocupa de generar imagenes del interior del cuerpo mediante diferentes', 'A'),
(20, 'Urologia', 'especialidad medica ,  tratamiento de las patologias que afectan al aparato urinario, glandulas supr', 'A'),
(21, 'Psicologia', 'especialidad que trata  procesos mentales de personas', 'A'),
(22, 'Reumatologo', 'especalidad que trata diagn?stico y tratamiento de las enfermedades del aparato locomotor (huesos, a', 'A'),
(23, 'Traumatologo', 'especialidad que ocupa de las lesiones traumaticas de columna y extremidades que afectan a: Huesos: ', 'A'),
(24, 'Neurologo', 'especialidad diagnostica y trata los trastornos del Cerebro, de la medula espinal, de los nervios, d', 'A');

-- --------------------------------------------------------

--
-- Estructura de tabla para la tabla `historialclinico`
--

CREATE TABLE `historialclinico` (
  `idhistorialclinico` int(11) NOT NULL,
  `nrohistorialclinico` varchar(20) NOT NULL,
  `idpaciente` int(11) NOT NULL,
  `idconsultamedica` int(11) NOT NULL,
  `estado` varchar(50) NOT NULL
) ENGINE=InnoDB DEFAULT CHARSET=utf8;

-- --------------------------------------------------------

--
-- Estructura de tabla para la tabla `medicina`
--

CREATE TABLE `medicina` (
  `idmedicina` int(11) NOT NULL,
  `nombre` varchar(50) NOT NULL,
  `marca` varchar(50) NOT NULL,
  `agenteprincipal` varchar(50) NOT NULL,
  `agentesecundario` varchar(50) NOT NULL,
  `fechacaducidad` date NOT NULL,
  `estado` varchar(20) NOT NULL
) ENGINE=InnoDB DEFAULT CHARSET=utf8;

--
-- Volcado de datos para la tabla `medicina`
--

INSERT INTO `medicina` (`idmedicina`, `nombre`, `marca`, `agenteprincipal`, `agentesecundario`, `fechacaducidad`, `estado`) VALUES
(1, 'Acitretina', 'soriatane', 'etretinato', 'metrotexato', '2018-12-12', 'A'),
(2, 'Albendazol', 'Sanofi', 'Albenza', 'Carbamato', '2019-01-13', 'A'),
(3, 'Azelastina ', 'MEDA Pharma', 'histamina', 'Clorhidrato', '2019-05-02', 'A'),
(4, 'Bacitracina ', 'MedlinePlus', 'Bacin', 'dexametasona', '2018-12-10', 'A'),
(5, 'Betametazona', 'Celestone', 'Clotimazol', 'gentamicina', '2019-02-04', 'A'),
(6, 'Calcitrio', 'MedlinePlus', 'CalcioPlus', 'Rocaltrol', '2019-07-16', 'A'),
(7, 'Captopril', 'MedlinePlus', 'Eca', 'Capoten', '2019-12-10', 'A'),
(8, 'Cefazolina', 'Kefsol', ' meticilina', ' cefazolina', '2019-07-09', 'A'),
(9, 'Tramadol', 'Cyrtex', 'isoenzima ', 'citocromo', '2019-03-12', 'A'),
(10, 'Clorfenamina', 'Diuril', 'Feniramina', ' Dexclorfeniramina', '2019-04-05', 'A'),
(11, 'Onmitrope', 'Sandoz GmbH', 'Somatropina', 'Glicina', '2019-10-12', 'A'),
(12, 'Valtropina', 'BioPartners', 'Somatropina', 'metacresol', '2019-07-09', 'A'),
(13, 'Binocrit', 'Sandoz GmbH', 'Enitropoyetina', 'Epoyetina', '2019-07-16', 'A'),
(14, 'Epoetina Alfa Hexal', 'Medice Arzneimitel', 'Epoyetina', 'Enitropoyetina', '2018-12-10', 'A'),
(15, 'Abseamed', 'Medice Arzneimitel', 'Enitropoyetina', 'Enitropoyetina', '2019-07-16', 'A'),
(16, 'Silapo', 'Stada Arzenimitel', 'Filgrastim', 'Isoleucina ', '2019-04-05', 'A'),
(17, 'Tevagrastim', 'Teva Pharma Bv', 'Filgrastim', 'Polisorbato', '2019-05-02', 'A'),
(18, 'Aneurol', 'Vademecum', 'piridoxina', 'Diazepan', '2018-12-10', 'A'),
(19, 'Nitradisc', 'SEARLE', 'Nitroglicerina', 'Trinitrato', '2019-07-09', 'A'),
(20, 'Buto Asma', 'Infomed', 'Salbutamol', 'dimetiletil', '2019-07-16', 'A'),
(21, 'Prenigsona', 'Chemocare', ' Deltasone', 'Orasone', '2019-04-05', 'A'),
(22, 'Eufipulmo', 'Teva Pharma Bv', 'Aminofilina', 'metilxantina', '2018-12-10', 'A'),
(23, 'Solu Moderin', ' PFIZER GEP S.L.', 'Metilprednisolona', 'hodrogenosiccinato', '2019-07-09', 'A'),
(24, 'Dobucor', ' PFIZER GEP S.L.', 'Dobutamina', 'Catecolamina', '2019-07-16', 'A'),
(25, 'NITROPRUSSIAT', 'Vademecum', 'Nitroglicerina', 'Nitroprusiato', '2018-12-10', 'A'),
(26, 'Paracetamol', 'Paracetamol', 'Paracetamol', 'Paracetamol', '2018-12-25', 'A'),
(27, 'Vtaminas', 'Forte Vit', 'Vitaminas', 'Vit. General', '2019-05-06', 'A');

-- --------------------------------------------------------

--
-- Estructura de tabla para la tabla `medico`
--

CREATE TABLE `medico` (
  `idmedico` int(11) NOT NULL,
  `nombre` varchar(50) NOT NULL,
  `appaterno` varchar(50) NOT NULL,
  `apmaterno` varchar(50) NOT NULL,
  `nrocolegiado` varchar(20) NOT NULL,
  `cargo` varchar(50) NOT NULL,
  `idespecialidad` int(11) NOT NULL,
  `telefono` varchar(11) NOT NULL,
  `sexo` varchar(20) NOT NULL,
  `direccion` varchar(50) NOT NULL,
  `idubigeo` int(11) NOT NULL,
  `idtdocumento` int(11) NOT NULL,
  `nrodocumento` varchar(20) NOT NULL,
  `estado` varchar(20) NOT NULL
) ENGINE=InnoDB DEFAULT CHARSET=utf8;

--
-- Volcado de datos para la tabla `medico`
--

INSERT INTO `medico` (`idmedico`, `nombre`, `appaterno`, `apmaterno`, `nrocolegiado`, `cargo`, `idespecialidad`, `telefono`, `sexo`, `direccion`, `idubigeo`, `idtdocumento`, `nrodocumento`, `estado`) VALUES
(1, 'Carlos ', 'Cruz ', 'Rodriguez', '056243', 'Ginecologia', 10, '987654326', 'M', 'Urb. El Bosque ', 4, 1, '32456789', 'A'),
(2, 'Raul', 'Lopez', 'Oroya', '000216', 'Gastroenterologia', 9, '925467892', 'M', 'Urb. Las Flores', 2, 1, '34568912', 'A'),
(3, 'Evelyn ', 'Torres', 'Perez', '056755', 'psicologia', 21, '965437281', 'F', 'Urb. Los Jardines', 4, 1, '34567891', 'A'),
(4, 'Lorena', 'Ruiz', 'Carrion', '008808', 'Endocrinologia', 8, '945627352', 'F', 'Urb La Caleta', 2, 1, '32456718', 'A'),
(5, 'Javier', 'Marcelo', 'vertiz', '066863', 'Cirugia General', 5, '978432157', 'M', 'Urb. Los pinos', 4, 1, '32146578', 'A'),
(6, 'Harold', 'Solar', 'Diaz', '061164', 'Hospitalizacion', 11, '943562345', 'M', 'Urb. Los Pinos ', 2, 1, '32678951', 'A'),
(7, 'Junior', 'Ferrey', 'Ochoa', '048996', 'Anestesiologia', 2, '987654323', 'M', 'Urb. La Caleta', 4, 1, '35678942', 'A'),
(8, 'Sebastian', 'Gutierrez', 'Gonzales', '018966', 'Anatomia Patologica', 1, '920156320', 'M', 'Urb.Laderad del Norte', 2, 1, '32598544', 'A'),
(9, 'Maria', 'Martinez', 'Rey', '061235', 'Cardiologia', 4, '936587411', 'F', 'Urb. El Bosque ', 4, 1, '30214566', 'A'),
(10, 'Milena', 'Arango', 'Sandoval', '032510', 'Dermatologia', 7, '901247416', 'F', 'Urb La Caleta', 4, 1, '40125996', 'A'),
(11, 'Luisa', 'Zu?iga', 'Paez', '000369', 'Nutricion ', 15, '951240125', 'F', 'Urb. Los Jardines', 4, 1, '32598522', 'A'),
(12, 'Teresa', 'Gomez', 'Empanada', '059852', 'Laboratorio Clinico ', 12, '941251027', 'F', 'Urb.Laderad del Norte', 3, 1, '32584102', 'A'),
(13, 'Pablo', 'Picapiedra', 'Pomez', '069633', 'Cirugia Plastica', 6, '965214410', 'M', 'Urb.Los Portales', 4, 1, '32651022', 'A'),
(14, 'Cristina', 'Garcia', 'Pena', '032582', 'Medicina General ', 13, '965288333', 'F', 'Urb.Domus', 3, 1, '30125478', 'A'),
(15, 'Massimo', 'Sanchez', 'Guerrero', '032583', 'Nutricion ', 15, '972733075', 'M', 'Urb. Los pinos', 2, 1, '73792134', 'A'),
(16, 'Fermin', 'Henriquez', 'Gallardo', '032584', 'Odontologia ', 16, '912679853', 'M', 'Urb. Los Pinos ', 2, 1, '98060314', 'A'),
(17, 'Ramon', 'Carvajal', 'Jimenez', '032585', 'Oftalmogia ', 17, '990170666', 'M', 'Urb. La Caleta', 1, 1, '53595355', 'A'),
(18, 'Bianka', 'Reyes', 'Ramirez', '032586', 'Pedriatia ', 18, '916604357', 'F', 'Urb.Laderas del Norte', 2, 1, '47764218', 'A'),
(19, 'Eileen', 'Palma', 'Araya', '032587', 'Radiologia ', 19, '919742789', 'F', 'Urb. El Bosque ', 1, 1, '68324493', 'A'),
(20, 'Raymond', 'Garcia', 'Palma', '032588', 'Urologia', 20, '935876591', 'M', 'Urb La Caleta', 2, 1, '29579902', 'A'),
(21, 'Robin', 'Lopez', 'Molina', '032589', 'Psicologia', 21, '950553365', 'M', 'Urb. Los Jardines', 3, 1, '34108390', 'A'),
(22, 'Emilie', 'Salazar', 'Fuentes', '032590', 'Reumatologo', 22, '942050791', 'F', 'Urb.Laderad del Norte', 2, 1, '26932399', 'A'),
(23, 'Consuelo', 'Sanchez', 'Bustamante', '032591', 'Traumatologo', 23, '963788554', 'F', 'Urb.Los Portales', 1, 1, '24852340', 'A');

-- --------------------------------------------------------

--
-- Estructura de tabla para la tabla `paciente`
--

CREATE TABLE `paciente` (
  `idpaciente` int(11) NOT NULL,
  `nombre` varchar(50) NOT NULL,
  `appaterno` varchar(50) NOT NULL,
  `apmaterno` varchar(50) NOT NULL,
  `fechanacimiento` date NOT NULL,
  `edad` varchar(20) NOT NULL,
  `sexo` varchar(20) NOT NULL,
  `telefono` varchar(20) NOT NULL,
  `direccion` varchar(50) NOT NULL,
  `idtdocumento` int(11) NOT NULL,
  `nrodocumento` varchar(50) NOT NULL,
  `estado` varchar(50) NOT NULL
) ENGINE=InnoDB DEFAULT CHARSET=utf8;

--
-- Volcado de datos para la tabla `paciente`
--

INSERT INTO `paciente` (`idpaciente`, `nombre`, `appaterno`, `apmaterno`, `fechanacimiento`, `edad`, `sexo`, `telefono`, `direccion`, `idtdocumento`, `nrodocumento`, `estado`) VALUES
(1, 'Arturo', 'Lopez', 'Mendoza', '1999-02-10', '19', 'M', '912345678', 'Urb. Laderas del Norte K-10', 1, '44233625', 'A'),
(2, 'Beatriz', 'Garcia', 'Perez', '1986-02-08', '32', 'F', '913452344', 'Prolog. El  Progreso T-2', 6, '786789', 'A'),
(3, 'Juana', 'La Rosa', 'Castro', '1948-07-05', '70', 'F', '921345347', 'AAHH. Dos de Junio B-4', 1, '32345660', 'A'),
(4, 'Victoria', 'Ascate ', 'Rosales', '1980-12-01', '38', 'F', '987656576', 'Urb. El Trapecio 1Etapa M-15', 5, '12345433', 'A'),
(5, 'Pedro', 'Roca', 'Sarmiento', '1940-10-07', '78', 'M', '324567', 'Urb. Los Cipreses E-6', 1, '23453598', 'A'),
(6, 'Helena', 'Jimenez', 'Vega', '1978-10-12', '40', 'F', '91237787', 'Gr. Atahualpa Lote A N-9', 4, '2345671', 'A'),
(7, 'Monica', 'Paz', 'Marin', '2000-08-01', '18', 'F', '324567', 'Calle Alfonso Ugarte 49 Puerta 5', 6, '0988777', 'A'),
(8, 'Rodolfo', 'Mas', 'Ugaz', '1979-04-13', '39', 'M', '929183847', 'Urb. Garatea 1 Etapa A-2', 1, '79896959', 'A'),
(9, 'Adrian', 'Garcia', 'Gutierrez', '1992-09-09', '26', 'M', '225896', 'Av.Carlos de los Heros Mz.17 ', 1, '44896556', 'A'),
(10, 'Roxana', 'Carrera', 'Zacarias', '1986-04-21', '32', 'F', '985256999', 'Urb. 21 de Abril', 4, '2655655', 'A'),
(11, 'Merly', 'Perez', 'Taqueda', '1998-01-08', '20', 'F', '369369', 'Av.Enrique Meiggs N?5 puerta 2', 1, '74125889', 'A'),
(12, 'Margarita', 'Sanchez', 'Pulido', '1981-09-03', '37', 'F', '985696966', 'Urb.Laderas del Norte M-09', 1, '44452555', 'A'),
(13, 'Kevin', 'Ortebozo', 'Morales', '1970-05-27', '48', 'M', '258299', 'Av.Alfonso Ugarte', 6, '425852', 'A'),
(14, 'Gloria', 'Moreno', 'Torres', '1999-07-19', '19', 'F', '987889999', 'Pasaje Pachacutec O-05', 1, '4888889', 'A'),
(15, 'Antony', 'Aranda', 'Miranda', '1981-02-21', '37', 'M', '987788544', 'Jr Cahuide 14', 1, '789966', 'A'),
(16, 'Robert', 'Acevedo', 'Lozada', '1978-12-09', '40', 'M', '989556565', 'Urb.Los Pinos v-10', 1, '7896658', 'A'),
(17, 'Carlos', 'Ascate', 'Vasquez', '1996-10-05', '22', 'M', '925416666', 'Prolongacion El Progreso 1etapa A-5', 6, '225897', 'A'),
(18, 'Juan', 'Iglesias', 'Cobo', '1983-05-17', '35', 'M', '212548', 'Urb.El Trapecio T\'-1 ', 1, '32596699', 'A'),
(19, 'Sonia', 'del Rio', 'Ramos', '2000-09-14', '18', 'F', '920165333', 'AAHH.San Juan E-2', 1, '32655995', 'A'),
(20, 'Oscar', 'Martin', 'Jimenez', '1949-03-29', '69', 'M', '265989', 'AAHH.Villa Maria 2 etapa 20', 1, '78965422', 'A'),
(21, 'Karen', 'Minchola', 'Morales', '1986-03-01', '32', 'F', '365292', 'URB. Los Pinos', 1, '78956248', 'A'),
(22, 'Roberth', 'Acevedo', 'Cruz', '1997-06-03', '21', 'M', '365292', 'Urb Los picaflores', 1, '71952863', 'A'),
(23, 'Lucia', 'Villanueva', 'Rios', '1993-12-11', '23', 'F', '326958', 'Esperanza Alta', 1, '75968425', 'A'),
(24, 'Kevin', 'Pulido', 'Vazques', '1994-06-12', '24', 'M', '356982', 'San Pedro', 1, '71459862', 'A'),
(25, 'Carlos', 'Mendez', 'Villar', '1992-08-14', '26', 'M', '369785', 'Urb. El bosque', 1, '75489562', 'A'),
(26, 'Ruben', 'Trujillo', 'Cruz', '1980-05-24', '38', 'M', '398412', 'Urb. Las Palmeras', 1, '74859632', 'A'),
(27, 'Karla', 'Rojas', 'Sandoval', '1996-01-25', '22', 'F', '978652412', 'Jr. Amazonas', 1, '71456982', 'A'),
(28, 'Rosita', 'Velazquez', 'Elias', '2000-03-08', '18', 'F', '985632148', 'Jr. Palmira', 1, '72056428', 'A'),
(29, 'Ricardo', 'Bedon', 'Rios', '1972-11-15', '42', 'M', '354187', 'Urb. Los Heros', 1, '32659814', 'A'),
(30, 'Fiorella', 'Calle', 'Robles', '1983-08-07', '35', 'F', '985632147', 'Urb. Caleta', 1, '36598741', 'A'),
(31, 'Rafael', 'Castillo', 'Angulo', '0000-00-00', '44', 'M', '983722939', 'Urb.Los Chimus Mz-9', 1, '41123939', 'A'),
(32, 'Miguel', 'Acevedo ', 'Alcala', '1948-04-01', '70', 'M', '933239432', 'Pr. Ladislao Espinar 17', 1, '42146964', 'A'),
(33, 'Johng', 'Almora', 'Hernandez', '1988-06-30', '30', 'M', '933339833', '28 de julio', 1, '40673760', 'A'),
(34, 'Christian', 'Alva ', 'Campos', '2006-08-15', '12', 'M', '033430034', 'Camino Real Lote 12', 1, '42532753 ', 'A'),
(35, 'Raul', 'Arevalo', 'Lopez', '1990-02-27', '28', 'M', '933539935', 'Jr.Garcilazo de la Vega T-9', 1, '43278119', 'A'),
(36, 'Jorge', 'Arias', 'Hernandez', '1950-12-12', '68', 'M', '933639536', 'Urb. La Caleta 1 etapa', 1, '71241786', 'A'),
(37, 'Victor', 'Arroyo', 'Ramirez', '1972-09-22', '46', 'M', '933739737', 'Carlos de los Heros U-23', 1, '45743257', 'A'),
(38, 'Javier', 'Alocwn', 'Barrera', '1998-07-10', '20', 'M', '933839938', 'Psje. Independencia 1 entrada', 1, '46202533', 'A'),
(39, 'Rosario', 'Rojas', 'Baylon', '0000-00-00', '66', 'F', '433934-39', 'Calle Elias Aguirre', 1, '42264899', 'A'),
(40, 'Efrain', 'Bedoya', 'Castillo', '1986-03-03', '32', 'M', '944049840', 'Urb.Los Balcones', 1, '44936062', 'A'),
(41, 'Marco', 'Bedregal', 'Canales', '0000-00-00', '14', 'M', '844148-41', 'AAHH. Dos de Junio B-4', 1, '41841665', 'A'),
(42, 'Cesar', 'Bejar', 'Torres', '0000-00-00', '52', 'M', '044240-42', 'El Progreso', 1, '41980531', 'A'),
(43, 'Isela', 'Benavides', 'Espejo', '1980-02-28', '38', 'F', '944349843', 'Leoncio Prado', 1, '45460173', 'A'),
(44, 'Leoncia', 'Calle', 'Betancourt', '0000-00-00', '18', 'F', '744447-44', 'Pr.Jose Galvez', 1, '44925744', 'A'),
(45, 'Luz', 'Chirinos', 'Lacotera', '0000-00-00', '58', 'F', '544545-45', 'Simon Bolivar', 1, '44705102', 'A'),
(46, 'Ramiro', 'Moreno', 'Cores', '1980-12-28', '38', 'M', '944649846', 'Calle Francisco Pizarro', 1, '44121820', 'A'),
(47, 'Javier', 'Carrera', 'Abanto', '2002-04-18', '16', 'M', '044740047', 'Jr. Los Heroes', 1, '44141042', 'A'),
(48, 'Nelson', 'Betancourt', 'Caraza', '1993-07-04', '23', 'M', '944849948', 'Psje.Huascar', 1, '45780000', 'A'),
(49, 'Cielito', 'Aristisabal', 'Due?as', '2007-03-09', '9', 'F', '044940049', 'AAHH.San Juan ', 1, '45780000', 'A'),
(50, 'Isabel', 'Matta', 'Fernandez', '1949-01-03', '69', 'F', '955059450', 'Av.Santa Rosa', 1, '35111419', 'A'),
(51, 'Gisela', 'Guzman', 'Espinoza', '1981-03-07', '35', 'F', '955159851', 'Jr. Salaberry', 1, '45780000', 'A'),
(52, 'Estalins', 'Arana', 'Loayza', '0000-00-00', '21', 'M', '955259952', 'Simon Bolivar', 1, '45780000', 'A'),
(53, 'Augusto', 'Diaz', 'Salinas', '1993-06-11', '23', 'M', '955359953', 'Urb. Los Cipreses E-6', 1, '32478890000', 'A'),
(54, 'Guillermo', 'Garcia', 'Peralta', '1965-07-12', '53', 'M', '955459654', 'El Progreso', 1, '45780000', 'A'),
(55, 'Zarita', 'Guzman', 'Quispe', '2001-09-22', '15', 'F', '055550055', 'AAHH.Villa Maria 2 etapa 20', 1, '25111010', 'A'),
(56, 'Carlos', 'Gonzales', 'Valle', '1991-09-06', '25', 'M', '955659956', 'Urb. La Caleta 1 etapa', 1, '45780011', 'A'),
(57, 'Doris', 'Lozano', 'Gamio', '1956-09-11', '62', 'F', '955759557', 'Urb. Laderas del Norte', 1, '43521518', 'A'),
(58, 'Maribel', 'Romero', 'Flores', '1980-09-05', '38', 'F', '955859858', 'Urb. Garatea 1 Etapa A-2', 1, '45155339 ', 'A'),
(59, 'Angel', 'Peralta', 'Garcia', '1969-07-03', '49', 'M', '955959659', 'El Progreso', 1, '45780000', 'A'),
(60, 'Antonio', 'Herrera', 'Chinag', '1996-10-05', '22', 'M', '966069960', 'Av.Enrique Meiggs', 1, '56111919', 'A'),
(61, 'Ana', 'Huilca', 'Gonzales', '1951-06-04', '67', 'F', '966169561', 'Urb. 21 de Abril', 1, '41808133 ', 'A'),
(62, 'Antonio', 'Astete', 'Gamarra', '1996-04-06', '22', 'M', '966269962', 'Urb.Los Pinos ', 1, '66111919', 'A'),
(63, 'Yuliana', 'Salas', 'Ferro', '1961-06-15', '57', 'F', '966369663', 'Urb. El bosque', 1, '66161661', 'A'),
(64, 'Carlos', 'Romero', 'Flores', '2003-09-26', '13', 'M', '066460064', 'Jr Cahuide ', 1, '45780000', 'A'),
(65, 'Esther', 'Romero', 'Flores', '1953-01-09', '65', 'F', '966569565', 'Pasaje Pachacutec', 1, '43098418 ', 'A'),
(66, 'Olga', 'Martinez', 'Horrouitiner', '1970-01-11', '48', 'F', '966669766', 'Urb. Los Cipreses E-6', 1, '44567270', 'A'),
(67, 'Edwin', 'Flores', 'Huamani', '1965-02-20', '53', 'M', '966769667', 'Urb. Garatea ', 1, '457807890', 'A'),
(68, 'Roberto', 'Haupaya', 'Raygada', '1977-04-05', '39', 'M', '966869768', 'Urb. Laderas del Norte', 1, '43781152', 'A'),
(69, 'Gloria', 'La Rosa', 'Fabian', '1999-05-17', '17', 'F', '966969969', 'El Progreso', 1, '43259519', 'A'),
(70, 'Miriam', 'Llenpen ', 'Nu?ez', '1978-07-21', '40', 'F', '977079770', 'Urb. La Caleta 1 etapa', 1, '45780098', 'A'),
(71, 'Arturo', 'Lujan', 'Venegas', '1994-03-09', '24', 'M', '977179971', '28 de julio', 1, '45780065', 'A'),
(72, 'Marlene', 'Magui?a', 'San Yen Man', '1957-09-25', '61', 'F', '977279572', 'Av.Enrique Meiggs', 1, '57111519', 'A'),
(73, 'Elsa', 'Landa', 'Tafur', '2003-03-19', '13', 'F', '077370073', 'AAHH.Villa Maria ', 1, '45780000', 'A'),
(74, 'Clara', 'Malonado', 'Tinco', '1992-06-20', '26', 'F', '977479974', 'El Progreso', 1, '45780450', 'A'),
(75, 'Lourdes', 'Marquez', 'Martinez', '1993-04-23', '23', 'F', '977579975', 'Gr. Atahualpa ', 1, '43439617 ', 'A'),
(76, 'Luis', 'Perez', 'Celestino', '1989-01-01', '27', 'M', '977679876', 'AAHH.San Juan', 1, '42162874 ', 'A'),
(77, 'Walter', 'Navarro', 'Maravi', '1984-05-07', '34', 'M', '977779877', 'Simon Bolivar', 1, '41414879', 'A'),
(78, 'Elba', 'Zuta', 'Medina', '1995-08-16', '21', 'F', '977879978', 'Urb. Las Palmeras', 1, '77181985', 'A'),
(79, 'Pedro', 'Vibes', 'Melgarejo', '2006-12-26', '12', 'M', '077970079', 'Jr. Salaberry', 1, '42612262 ', 'A'),
(80, 'Roberto', 'Holgado', 'Miguel', '1997-04-07', '19', 'M', '988089980', 'Urb. El bosque', 1, '88141947', 'A'),
(81, 'Orfelina', 'Reyes', 'Ore', '2000-09-13', '18', 'F', '088180081', 'Urb. La Caleta 1 etapa', 1, '45135839', 'A'),
(82, 'Hector', 'Ortiz', 'Orillo', '1958-05-27', '60', 'M', '988289582', 'Urb. 21 de Abril', 1, '41009340', 'A'),
(83, 'Adolfo', 'Pastor', 'Porras', '1985-02-17', '31', 'M', '988389883', 'Urb.Los Pinos ', 1, '78111819', 'A'),
(84, 'Sandra', 'Camacho', 'Pardave', '1962-06-10', '56', 'F', '988489684', 'Pasaje Pachacutec', 1, '44352620', 'A'),
(85, 'Jenny', 'Jaramillo', 'Paredes', '2004-05-19', '14', 'F', '088580085', '28 de julio', 1, '41370697 ', 'A'),
(86, 'Maria', 'Nu?ez ', 'Pinedo', '1971-06-20', '47', 'F', '988689786', 'Urb. Laderas del Norte', 1, '45780453', 'A'),
(87, 'Santiago', 'Vilchez', 'Prada', '1999-05-20', '17', 'M', '988789987', 'Urb. Los Cipreses E-6', 1, '44223353', 'A'),
(88, 'Magda', 'Mori', 'Orillo', '1979-09-19', '37', 'F', '988889788', 'Gr. Atahualpa ', 1, '45780222', 'A'),
(89, 'Martin', 'Prada', 'Miranda', '1951-02-03', '67', 'M', '988989589', 'Jr Cahuide ', 1, '457806756', 'A'),
(90, 'Oscar', 'Rios ', 'Lima', '1962-06-02', '56', 'M', '999099690', 'Urb. La Caleta ', 1, '99161662', 'A'),
(91, 'Carlos', 'Robles', 'Valverde', '2006-12-07', '12', 'M', '099190091', 'El Progreso', 1, '45787653', 'A'),
(92, 'Elizabth', 'Rojas', 'Valdivia', '1962-07-25', '56', 'F', '999299692', 'Urb. Garatea ', 1, '459775456', 'A'),
(93, 'Manuel', 'Rosales', 'Flores', '1961-04-23', '57', 'M', '999399693', 'Av.Enrique Meiggs', 1, '39111619', 'A'),
(94, 'Josue', 'Ruiz', 'Castilla', '2005-09-26', '11', 'M', '099490094', 'AAHH.Atahualpa', 1, '43501298 ', 'A'),
(95, 'Carmen', 'Yanac', 'Roa', '1977-01-21', '39', 'F', '999599795', 'Jr.Juan Alvarado', 1, '19111719', 'A'),
(96, 'Rosa', 'Puccio', 'Salcedo', '1974-07-09', '44', 'F', '999699796', 'Jose Galvez', 1, '457987654', 'A'),
(97, 'Sonia', 'Arone', 'Sanchez', '1964-08-10', '54', 'F', '999799697', 'Urb. Las Palmeras', 1, '99181684', 'A'),
(98, 'Freddy', 'Cruz', 'Vargas', '1963-05-26', '55', 'M', '999899698', 'Barrio 1', 1, '45755555', 'A'),
(99, 'Teresa', 'Tejedo', 'Luna', '1951-09-15', '67', 'F', '999999599', 'Los Chimus', 1, '43645533', 'A'),
(100, 'Juan', 'Davila', 'Tenorio', '1965-11-23', '53', 'M', '911001961', 'Los Balcones', 1, '43857246', 'A'),
(101, 'Georgina', 'Davila', 'Cruz', '1955-10-17', '63', 'F', '911011951', 'Jr. Salaberry', 1, '47361498', 'A'),
(102, 'Fatima', 'Solano', 'Santa', '1968-03-27', '50', 'F', '911021961', 'AAHH.San Juan', 1, '43410981', 'A'),
(103, 'Karina', 'Gaspar', 'Torres', '1955-02-01', '63', 'F', '911031952', 'Urb. El bosque', 1, '43830345', 'A'),
(104, 'Aida', 'Parodi', 'Trujillo', '1967-01-25', '51', 'F', '911041961', 'Urb. 21 de Abril', 1, '44705102', 'A'),
(105, 'Critina', 'Carreazo', 'Vega', '1968-05-24', '50', 'F', '911051961', 'AAHH.Villa Maria ', 1, '45276606 ', 'A'),
(106, 'Josefa', 'Ramos', 'Velasquez', '1976-11-03', '42', 'F', '91106197106', 'Urb. La Caleta ', 1, '11111716', 'A'),
(107, 'Elvis', 'Silva', 'Vera', '1975-09-11', '43', 'M', '911071971', 'Jr Cahuide ', 1, '41908170', 'A'),
(108, 'Liliana', 'Lucero', 'Vilca', '1982-04-28', '36', 'F', '91108198108', 'Pasaje Pachacutec', 1, '44182488', 'A'),
(109, 'Esperanz', 'Alvarado', 'Vilgoso', '1973-09-19', '45', 'F', '911091977', 'Urb.Los Pinos ', 1, '43353964 ', 'A'),
(110, 'Magnolia', 'Onaga', 'Yamawaki', '2004-10-17', '16', 'F', '01110100110', 'Urb. Las Palmeras', 1, '45366597 ', 'A'),
(111, 'David', 'Vega', 'Zapata', '1948-06-30', '70', 'M', '91111194111', 'Francisco Pizarro', 1, '43687218', 'A'),
(112, 'Angel', 'Chang', 'Campos', '1976-01-19', '42', 'M', '91112197112', 'Los Portales', 1, '42153355 ', 'A'),
(113, 'Alberto', 'Flores', 'Salcedo', '1979-07-13', '37', 'M', '91113197113', 'Urb. Garatea ', 1, '43687218 ', 'A'),
(114, 'Miguel', 'Vilca', 'Lucero', '1983-08-24', '33', 'M', '91114198114', 'Jr. Salaberry', 1, '45160260', 'A'),
(115, 'Jacquelin', 'Zamalloa', 'Vega', '1968-03-15', '50', 'F', '91115196115', 'Urb. Las Palmeras', 1, '4567831638', 'A'),
(116, 'Ruth', 'Tamargo', 'Alonso', '1990-04-15', '28', 'F', '911161991', 'Urb. El bosque', 1, '412341940', 'A'),
(117, 'Blanca', 'Aparicio', 'Garcia', '2000-05-09', '18', 'F', '01117100117', '28 de julio', 1, '45061700', 'A'),
(118, 'Monica', 'Bernabe', 'Casanova', '1995-02-05', '21', 'F', '91118199118', 'Av.Enrique Meiggs', 1, '41111919', 'A'),
(119, 'Mariela', 'Campos', 'Vique', '1999-06-24', '17', 'F', '91119199119', 'Gr. Atahualpa ', 1, '45780000', 'A'),
(120, 'Milagros', 'Contreras', 'Caceres', '1986-02-15', '32', 'F', '91120198120', 'Urb. Laderas del Norte', 1, '42940674', 'A'),
(121, 'Juan', 'Navarro', 'Carre?o', '1991-01-18', '25', 'M', '91121199121', 'Urb. Los Cipreses ', 1, '70255352', 'A'),
(122, 'Enrique', 'Vique', 'Campos', '1980-07-23', '38', 'M', '91122198122', 'Urb. Garatea ', 1, '41733422 ', 'A'),
(123, 'Vicente', 'Garcia', 'Casas', '1949-09-16', '69', 'M', '91123194123', 'Jr Cahuide ', 1, '42835230', 'A'),
(124, 'Eduardo', 'Alarcon', 'Castillo', '1959-05-29', '59', 'M', '91124195124', 'Urb.Los Pinos ', 1, '41111519', 'A'),
(125, 'Tulio', 'Galdeano', 'Garrido', '2005-12-14', '11', 'M', '01125100125', 'AAHH.Villa Maria ', 1, '41122583', 'A'),
(126, 'Armando', 'Oller', 'Castillo', '2002-05-05', '16', 'M', '01126100126', 'AAHH.San Juan', 1, '45822843', 'A'),
(127, 'Walter', 'Carre?o', 'Contreras', '1965-09-20', '53', 'M', '91127196127', 'Urb Los picaflores', 1, '41191695', 'A'),
(128, 'David', 'Pascual', 'Cordova', '1993-09-05', '23', 'M', '91128199128', 'Jr. Salaberry', 1, '45227582 ', 'A'),
(129, 'Julian', 'Amate', 'Cortes', '1981-02-21', '35', 'M', '91129198129', 'Urb. Los Cipreses ', 1, '41121821', 'A'),
(130, 'Hector', 'Avenda?o', 'Cueto', '1951-07-15', '67', 'M', '91130195130', 'Jr. Salaberry', 1, '44036980', 'A'),
(131, 'Cosme', 'Segura', 'Diaz', '1975-12-05', '43', 'M', '91131197131', 'Urb. El bosque', 1, '44660769', 'A'),
(132, 'Noel', 'Higueras', 'Esco', '1996-04-14', '22', 'M', '91132199132', '28 de julio', 1, '46470881 ', 'A'),
(133, 'Ivan', 'Lopez', 'Fernandez', '1990-03-23', '28', 'M', '91133199133', 'Urb.Los Pinos ', 1, '31111919', 'A'),
(134, 'Diego', 'Gonzales', 'Ferrer', '1960-05-08', '58', 'M', '91134196134', '', 1, '45260934 ', 'A'),
(135, 'Isac', 'Crespo', 'Garcia', '1985-09-12', '31', 'M', '911351985', 'Urb Los picaflores', 1, '11191895', 'A'),
(136, 'Abel', 'Ma?as', 'Fuentes', '1993-11-15', '23', 'M', '911361992', 'Urb. Garatea ', 1, '44775452 ', 'A'),
(137, 'Jesus', 'Seguin', 'Fernandez', '1978-06-15', '40', 'M', '911371970', 'Jr. Salaberry', 1, '45160002 ', 'A'),
(138, 'Danna', 'Casado ', 'Correa', '1990-09-17', '28', 'F', '911381993', 'AAHH.San Juan', 1, '42822681 ', 'A'),
(139, 'Melisa', 'Heras', 'Garcia', '1969-08-21', '49', 'F', '911391969', 'Urb.Los Pinos ', 1, '45822843', 'A'),
(140, 'Enma', 'Saez', 'Morales', '1997-01-12', '19', 'F', '911401990', 'Los Chimus', 1, '45026869', 'A'),
(141, 'Bruno', 'Iglesias', 'Pastor', '0000-00-00', '21', 'M', '911411991', '28 de julio', 1, '44343097', 'A'),
(142, 'Pedro', 'Manzano', 'Gonzales', '1991-04-21', '25', 'M', '91142192', 'AAHH.Villa Maria ', 1, '46282552', 'A'),
(143, 'Julio', 'Hernandez', 'Betancourt', '2001-07-17', '15', 'M', '0114310015', 'Urb. Garatea ', 1, '44697053', 'A'),
(144, 'Alexandra', 'Corpas', 'Iriarte', '1993-06-19', '23', 'F', '9114419918', 'Jr Cahuide ', 1, '43093414 ', 'A'),
(145, 'Tatiana', 'Suarez', 'Jaldo', '1970-01-09', '48', 'M', '911451979', 'Huascar', 1, '45474613 ', 'A'),
(146, 'Juana', 'Martin', 'Lopez', '2006-06-25', '12', 'F', '011461001', 'Urb Los picaflores', 1, '11161066', 'A'),
(147, 'Anna', 'Robles', 'Rubio', '1991-08-21', '25', 'F', '911471991', 'AAHH.San Juan', 1, '46025949', 'A'),
(148, 'Belissa', 'Martin', 'Martinez', '1987-05-22', '29', 'F', '911481981', 'Urb. El bosque', 1, '11151857', 'A'),
(149, 'Antony', 'Latorre', 'Morales', '1994-09-26', '24', 'M', '911491991', 'Gr. Atahualpa ', 1, '45757015 ', 'A'),
(150, 'David', 'Lozano', 'Cuevas', '2000-12-26', '18', 'M', '011501001', 'Urb. Laderas del Norte', 1, '70441554', 'A'),
(151, 'Cesar', 'Jimenez', 'Lopez', '1960-04-28', '58', 'M', '911511961', 'AAHH.Villa Maria ', 1, '46321746', 'A'),
(152, 'Claudia', 'Lorente', 'Mesas', '1961-09-29', '57', 'F', '911521961', 'Urb. La Caleta ', 1, '46444331', 'A'),
(153, 'Silvana', 'Lupion', 'Rubio', '1987-07-10', '29', 'F', '911531981', 'Urb. Garatea ', 1, '45780000', 'A'),
(154, 'JoseMaria', 'Malonado', 'Ramos', '2005-08-23', '13', 'M', '011541001', 'Pasaje Pachacutec', 1, '41699215', 'A'),
(155, 'Adrian', 'Medina', 'Delgado', '1978-09-15', '40', 'M', '91155197155', 'Av.Enrique Meiggs', 1, '45932695', 'A'),
(156, 'Liliana', 'Marin', 'Sacnhez', '1998-04-16', '20', 'F', '91156199156', 'Urb. 21 de Abril', 1, '46825170', 'A'),
(157, 'Leonor', 'Medina', 'Delgado', '1975-03-13', '43', 'F', '91157197157', 'Urb.Los Pinos ', 1, '31111719', 'A'),
(158, 'Karen', 'Ibanez', 'Chavarrias', '1989-06-15', '27', 'F', '91158198158', 'AAHH.San Juan', 1, '42213997', 'A'),
(159, 'Juan', 'Moreno', 'Cid', '1970-05-15', '48', 'M', '91159197159', 'Jr Cahuide ', 1, '72769488 ', 'A'),
(160, 'Jaime', 'Valverde', 'Martos', '1977-06-13', '39', 'M', '91160197160', 'Urb. Garatea ', 1, '43727281 ', 'A'),
(161, 'Mario', 'Linares', 'Maturana', '2003-04-09', '13', 'M', '01161100161', 'Urb Los picaflores', 1, '11141043', 'A'),
(162, 'Bertha', 'Ma?as', 'Maldonado', '1979-12-20', '37', 'F', '91162197162', 'Urb. El bosque', 1, '11121729', 'A'),
(163, 'Francisca', 'Cobo', 'Molina', '0000-00-00', '14', 'F', '01163100163', 'Urb.Los Pinos ', 1, '21111010', 'A'),
(164, 'Lourdes', 'Robles', 'Moreno', '2003-07-10', '13', 'F', '01164100164', 'Jr Cahuide ', 1, '45594045', 'A'),
(165, 'Magdalena', 'Casero', 'Bernal', '2000-02-12', '18', 'F', '01165100165', '28 de julio', 1, '44873404 ', 'A'),
(166, 'Piero', 'Ortegada', 'Martinez', '1960-02-21', '58', 'M', '91166196166', 'Pasaje Pachacutec', 1, '41877012', 'A'),
(167, 'Thiago', 'Pascual', 'Robles', '1969-04-28', '49', 'M', '91167196167', 'Gr. Atahualpa ', 1, '45499206', 'A'),
(168, 'Anastacio', 'Forte', 'Pi?ar', '2005-04-12', '11', 'M', '01168100168', 'Urb. Laderas del Norte', 1, '45985800', 'A'),
(169, 'Oscar', 'Poemape', 'Ramos', '1966-06-23', '53', 'M', '91169196169', 'Urb. La Caleta ', 1, '46756294', 'A'),
(170, 'Paola', 'Solano', 'Parra', '1998-06-23', '20', 'F', '913452343', 'Urb. 21 de Abril', 1, '32569874', 'A'),
(171, 'Zhuli', 'Rodriguez', 'Mellano', '1996-12-20', '22', 'F', '92135698', 'AAHH.San Juan', 1, '45780000', 'A'),
(172, 'Javier', 'Vazquez', 'Gongora', '1973-12-20', '45', 'M', '980006576', 'AAHH.San Juan', 1, '45780001', 'A'),
(173, 'Ursula', 'Ramos', 'Sanchez', '1972-12-20', '46', 'F', '320067', 'Gr. Atahualpa ', 1, '45780002', 'A'),
(174, 'Raquel', 'Rueda', 'Salmeron', '1971-12-20', '47', 'F', '91237007', 'Urb. El bosque', 1, '45780003', 'A'),
(175, 'Saul', 'Sanchez', 'Villanueva', '1970-12-20', '48', 'M', '320567', 'AAHH.San Juan', 1, '45780004', 'A'),
(176, 'Franklin', 'Vicente', 'Castillo', '1968-12-20', '50', 'M', '929003847', 'Urb. La Caleta ', 1, '45780005', 'A'),
(177, 'Gonzalo', 'Cortes', 'Yeste', '1967-12-20', '51', 'M', '01225896', 'Urb. 21 de Abril', 1, '45780006', 'A'),
(178, 'Ines', 'Pino', 'Crespo', '1983-12-20', '35', 'F', '985256011', '28 de julio', 1, '45780007', 'A'),
(179, 'Ever', 'Abad', 'Ramos ', '1956-04-21', '62', 'M', '369009', 'Urb. El bosque', 1, '45780008', 'A'),
(180, 'ADRIANA ', 'Giraldo', 'Gomez', '0000-00-00', '21', 'F', '985693548', 'AAHH.San Juan', 1, '45780009', 'A'),
(181, 'ADRIANA', 'Salcedo', 'segura', '2000-07-17', '18', 'F', '01258909', 'Gr. Atahualpa ', 1, '45780010', 'A'),
(182, 'ADRIANA ', 'Duarte ', 'Sandoval', '2000-11-15', '18', 'F', '9878102999', 'Urb. La Caleta ', 1, '45780011', 'A'),
(183, 'ALEXANDER ', 'Santilla', 'Carbajal ', '1987-06-15', '31', 'M', '987732014', 'Urb. El bosque', 1, '45780012', 'A'),
(184, 'ALCIRA ', 'Cujar', 'Alarcon ', '1956-09-17', '62', 'F', '986984565', 'AAHH.San Juan', 1, '45780013', 'A'),
(185, 'AMPARO ', 'Montoya', 'Montoya', '1934-08-21', '84', 'F', '925411111', 'Urb. 21 de Abril', 1, '45780014', 'A'),
(186, 'ANA ', 'Lozano', 'Santos', '1975-01-12', '41', 'F', '01112548', 'Urb. Laderas del Norte', 1, '45780015', 'A'),
(187, 'ANDREA ', 'Ariza', 'Zambrano', '0000-00-00', '45', 'F', '920165303', 'Urb. El bosque', 1, '45780016', 'A'),
(188, 'ANDREA ', 'Acu?a', 'Mendoza', '1999-04-21', '19', 'F', '265659', 'AAHH.San Juan', 1, '45780017', 'A'),
(189, 'ANDREA ', 'Cortez ', 'Barreto', '1995-07-17', '23', 'F', '365200', '28 de julio', 1, '45780018', 'A'),
(190, 'ANDREA ', 'Guzman', 'Rojas', '2000-06-19', '18', 'F', '364292', 'Urb. El bosque', 1, '45780019', 'A'),
(191, 'ANDREA ', 'Gutierrez', 'Romero', '1999-01-09', '19', 'F', '0165659', 'AAHH.San Juan', 1, '45780020', 'A'),
(192, 'ANDREA ', 'Zamper', 'Martinez', '1998-02-21', '20', 'F', '335200', 'Urb. 21 de Abril', 1, '45780021', 'A'),
(193, 'ANDREA ', 'Barragan ', 'Garcia', '1997-07-15', '21', 'F', '394292', 'Av.Enrique Meiggs', 1, '45780022', 'A'),
(194, 'ANDREA', 'Pinzen', 'Lopez', '1969-12-05', '49', 'F', '0455659', 'Urb. 21 de Abril', 1, '45780023', 'A'),
(195, 'AMELIA ', 'Perez', 'Tabarez', '1960-04-14', '58', 'F', '365478', 'Urb Los picaflores', 1, '45780024', 'A'),
(196, 'ALEJANDRA ', 'Agudero ', 'Saenz', '1961-03-23', '57', 'F', '321564', 'Urb Los picaflores', 1, '45780025', 'A'),
(197, 'ALVARO', 'Calderon', 'Artun', '1965-05-08', '53', 'M', '260159', 'Urb. El bosque', 1, '45780026', 'A'),
(198, 'AYDA ', 'Pulido', 'Chaparro', '1979-09-12', '39', 'F', '305200', 'AAHH.San Juan', 1, '45780027', 'A'),
(199, 'BERTHA', 'Barbosa', 'Torres', '1982-11-15', '36', 'F', '344292', 'Urb. Laderas del Norte', 1, '45780028', 'A'),
(200, 'BETSABE', 'Bautista', 'Vargas', '1993-06-15', '25', 'F', '900059450', 'Av.Enrique Meiggs', 1, '45780029', 'A'),
(201, 'CAMILO', 'Bolivar', 'Forero', '1994-09-17', '24', 'M', '905159851', 'Urb. El bosque', 1, '45780030', 'A'),
(202, 'CAROLINA ', 'Izada', 'Ramirez', '1948-05-24', '70', 'F', '912259952', 'Urb. Laderas del Norte', 1, '45780031', 'A'),
(203, 'CESAR ', 'Ramirez', 'Laverde', '1977-11-03', '41', 'M', '969359953', '28 de julio', 1, '45780032', 'A'),
(204, 'CELMIRA ', 'Arroya', 'Corredor', '1999-02-10', '19', 'F', '999459654', 'Urb. 21 de Abril', 1, '45780033', 'A'),
(205, 'CLAUDIA ', 'Navarrete', 'Cortez', '1986-02-08', '32', 'F', '011550055', 'Urb. El bosque', 1, '48756924', 'A'),
(206, 'CLAUDIA ', 'Lozada', 'Aragon', '1948-07-05', '70', 'F', '950009956', 'Urb. El bosque', 1, '45780035', 'A'),
(207, 'CLAUDIA ', 'Bolivar', 'Carre?o', '1980-12-01', '38', 'F', '955759000', 'Av.Alfonso Ugarte', 1, '45780036', 'A'),
(208, 'CLAUDIA ', 'Gallo', 'Cifuentes', '1940-10-07', '78', 'F', '950009858', 'Urb. La Caleta ', 1, '32655095', 'A'),
(209, 'CLAUDIA ', 'Venegas', 'Ortiz', '1978-10-12', '40', 'F', '911005969', 'Av.Enrique Meiggs', 1, '76965422', 'A'),
(210, 'CONSTANZA ', 'Agudelo', 'Forero', '2000-08-01', '18', 'F', '912345678', 'Urb Los picaflores', 1, '78950048', 'A'),
(211, 'CONSUELO', 'Guerrero', 'Calderon', '1979-04-13', '39', 'F', '913452344', 'Gr. Atahualpa ', 1, '71952811', 'A'),
(212, 'CONSUELO ', 'Reyes', 'Suarez', '1992-09-09', '26', 'F', '921345347', 'Gr. Atahualpa ', 1, '75956235', 'A'),
(213, 'CRYSHNA ', 'Moscoso', 'Pe?a', '1986-04-21', '32', 'F', '987656576', 'Urb. 21 de Abril', 1, '71450047', 'A'),
(214, 'DIANA ', 'Palacios ', 'Zaque', '1998-01-08', '20', 'F', '324567', '28 de julio', 1, '75481562', 'A'),
(215, 'DIANA ', 'Herrera', 'Herrera', '1981-09-03', '37', 'F', '91237787', 'Av.Alfonso Ugarte', 1, '74859600', 'A'),
(216, 'DIANA ', 'Zabogal', 'Ramirez', '1970-05-27', '48', 'F', '324567', 'Urb. El bosque', 1, '71000982', 'A'),
(217, 'DIANA ', 'Avila', 'Saenz', '1999-07-19', '19', 'F', '929183847', 'Urb. El bosque', 1, '72052128', 'A'),
(218, 'DIANA ', 'Benavides', 'Solorza', '1981-02-21', '37', 'F', '225896', 'Av.Enrique Meiggs', 1, '32603814', 'A'),
(219, 'DIEGO ', 'Valero', 'Garay', '1978-12-09', '40', 'F', '985256999', 'Av.Enrique Meiggs', 1, '36598001', 'A'),
(220, 'DOLLY ', 'Prada', 'Guzman', '1996-10-05', '22', 'F', '369369', 'Urb. La Caleta ', 1, '41123874', 'A'),
(221, 'ELIZABETH ', 'Cardenas', 'Martinez', '1983-05-17', '35', 'F', '985696966', 'Urb Los picaflores', 1, '42111964', 'A'),
(222, 'ELIZABETH ', 'Jaime', 'Sanchez', '2000-09-14', '18', 'F', '258299', 'AAHH.San Juan', 1, '41173760', 'A'),
(223, 'ELKIN ', 'Puche', 'Vega', '1949-03-29', '69', 'M', '987889999', '28 de julio', 1, '42530125 ', 'A'),
(224, 'ERLEY ', 'Camacho', 'Mendoza', '1986-03-01', '32', 'M', '987788544', '28 de julio', 1, '43278339', 'A'),
(225, 'ERIKA ', 'Villa', 'Olaya', '1997-06-03', '21', 'F', '989556565', '28 de julio', 1, '71242186', 'A'),
(226, 'ERIKA ', 'Vanegas', 'Herrera', '1993-12-11', '23', 'F', '925416666', 'Jr Cahuide ', 1, '45747417', 'A'),
(227, 'FABIAN ', 'Rico', 'Rodriguez', '1994-06-12', '24', 'M', '212548', 'Urb. Las Palmeras', 1, '45470013 ', 'A'),
(228, 'FANNY ', 'Paez', 'Gonzales', '1992-08-14', '26', 'F', '920165333', 'Jr Cahuide ', 1, '25161066', 'A'),
(229, 'FERMIN ', 'Arizaga', 'Iglesias', '1980-05-24', '38', 'M', '265989', 'Urb. El bosque', 1, '56025949', 'A'),
(230, 'FRANCE ', 'Cendales', 'Ladino', '1996-01-25', '22', 'M', '365292', 'Av.Enrique Meiggs', 1, '60151857', 'A'),
(231, 'GABY ', 'Manzano', 'Uribe', '2000-03-08', '18', 'F', '365292', 'Av.Alfonso Ugarte', 1, '25757015 ', 'A'),
(232, 'GILMA ', 'Espinoza', 'Diaz', '1972-11-15', '42', 'F', '326958', 'Urb. Las Palmeras', 1, '71400554', 'A'),
(233, 'GRACIELA ', 'Torres', 'Torres', '1983-08-07', '35', 'F', '356982', 'Urb. Garatea ', 1, '48021746', 'A'),
(234, 'GLORIA ', 'Perez', 'Ossa', '0000-00-00', '44', 'F', '369785', 'Gr. Atahualpa ', 1, '46334331', 'A'),
(235, 'GLORIA', 'Martinez', 'Parra', '1948-04-01', '70', 'F', '398412', 'Urb. La Caleta ', 1, '45333000', 'A'),
(236, 'GLORIA ', 'Lopez', 'Figueroa', '1988-06-30', '30', 'F', '978652412', 'Urb. 21 de Abril', 1, '41619000', 'A'),
(237, 'GLORIA ', 'Cabrera', 'Sanchez', '2006-08-15', '12', 'F', '985632148', 'Jr Cahuide ', 1, '45914595', 'A'),
(238, 'GUSTAVO ', 'Mendoza', 'Lopez', '1990-02-27', '28', 'M', '354187', '28 de julio', 1, '56825170', 'A'),
(239, 'GUSTAVO ', 'Diaz', 'Vera', '1950-12-12', '68', 'M', '985632147', 'Jr Cahuide ', 1, '31551719', 'A'),
(240, 'HERMES ', 'Garcia', 'Guacaneme', '1972-09-22', '46', 'M', '983722939', 'Urb. El bosque', 1, '42210007', 'A'),
(241, 'INGRID', 'Gonzales', 'Romero', '1998-07-10', '20', 'F', '933239432', 'Urb Los picaflores', 1, '72000488 ', 'A'),
(242, 'INGRID ', 'Cizo', 'Rodriguez', '0000-00-00', '66', 'F', '933339833', 'Av.Enrique Meiggs', 1, '40127281 ', 'A'),
(243, 'ISABEL ', 'Garcia', 'Mendez', '1986-03-03', '32', 'F', '0455659', 'Urb. Las Palmeras', 1, '80041043', 'A'),
(244, 'JAVIER ', 'Orlando ', 'Garcia', '0000-00-00', '14', 'M', '365478', 'Urb. Las Palmeras', 1, '42950048', 'A'),
(245, 'JENNY ', 'Rodriguez', 'Moreno', '0000-00-00', '52', 'F', '321564', 'Av.Alfonso Ugarte', 1, '42952811', 'A'),
(246, 'JENNY ', 'Trujillo', 'Romero', '1980-02-28', '38', 'F', '260159', 'Urb. Garatea ', 1, '42956235', 'A'),
(247, 'JESUS ', 'Greco', 'Vergel', '0000-00-00', '18', 'M', '305200', 'Jr Cahuide ', 1, '42450047', 'A'),
(248, 'JOHANNA ', 'Ulloa', 'Guarin', '0000-00-00', '58', 'F', '344292', 'AAHH.San Juan', 1, '42481562', 'A'),
(249, 'JORGE ', 'Due?as', 'Gomez', '1980-12-28', '38', 'M', '900059450', 'Jr Cahuide ', 1, '72859600', 'A'),
(250, 'JORGE ', 'Reina', 'Rueda', '2002-04-18', '16', 'M', '905159851', 'Av.Enrique Meiggs', 1, '42000982', 'A'),
(251, 'JUAN ', 'Valencia', 'Arevalo', '1993-07-04', '23', 'M', '912259952', 'Urb. Garatea ', 1, '42052128', 'A'),
(252, 'KAREN ', 'Salva', 'Salsedo', '2007-03-09', '9', 'F', '969359953', 'Urb. Garatea ', 1, '79603814', 'A'),
(253, 'KETTY ', 'Cornelio', 'Coronel', '1949-01-03', '69', 'F', '999459654', 'Urb. Las Palmeras', 1, '77598001', 'A'),
(254, 'KETTY', 'Lozano', 'Coral', '1981-03-07', '35', 'F', '011550055', 'Gr. Atahualpa ', 1, '42223874', 'A'),
(255, 'LARISA ', 'Arroyo', 'Saenz', '1997-03-07', '21', 'F', '950009956', 'Gr. Atahualpa ', 1, '75111964', 'A'),
(256, 'LAURA ', 'Lengua', 'Leguia', '1993-06-11', '23', 'F', '955759000', 'Urb. 21 de Abril', 1, '74173760', 'A'),
(257, 'LEONARDO', 'Garzon', 'Rivera', '1965-07-12', '53', 'M', '950009858', 'Av.Alfonso Ugarte', 1, '76530125 ', 'A'),
(258, 'LEONOR ', 'Melo ', 'Lopez', '2001-09-22', '15', 'F', '911005969', 'Av.Alfonso Ugarte', 1, '42278339', 'A'),
(259, 'LIBIA ', 'Rivera', 'Costa', '1991-09-06', '25', 'F', '912345678', 'Urb. El bosque', 1, '42042186', 'A'),
(260, 'LILIA ', 'Bora', 'Espinoza', '1956-09-11', '62', 'F', '913452344', 'Jr Cahuide ', 1, '75747417', 'A'),
(261, 'LINA ', 'Leon', 'Linares', '1980-09-05', '38', 'F', '921345347', 'Jr Cahuide ', 1, '75470013 ', 'A'),
(262, 'LINA ', 'Varga', 'Camilla', '1969-07-03', '49', 'F', '987656576', '28 de julio', 1, '35161066', 'A'),
(263, 'LIGIA ', 'Marchena', 'Milla', '1996-10-05', '22', 'F', '066460064', '28 de julio', 1, '46025949', 'A'),
(264, 'LUCRECIA ', 'Pineda', 'Procedes', '1951-06-04', '67', 'F', '966569565', 'Av.Enrique Meiggs', 1, '70151857', 'A'),
(265, 'LUZ ', 'Procedes', 'Carrillo', '1996-04-06', '22', 'F', '966669766', 'Urb Los picaflores', 1, '30757015 ', 'A'),
(266, 'LUIS ', 'Venegas', 'Rosado', '1961-06-15', '57', 'M', '966769667', 'Urb Los picaflores', 1, '61400554', 'A'),
(267, ' FERNANDO ', 'Torrado', 'Lemus', '2003-09-26', '13', 'M', '966869768', 'AAHH.San Juan', 1, '78021746', 'A'),
(268, 'LUISA ', 'Sanchez', 'Sanchez', '1953-01-09', '65', 'F', '966969969', 'Jr Cahuide ', 1, '48934331', 'A'),
(269, 'FERNANDA ', 'Prado', 'Carrion', '1970-01-11', '48', 'F', '977079770', 'Av.Alfonso Ugarte', 1, '65333000', 'A'),
(270, 'Maria', 'Reina', 'Torres', '1965-02-20', '53', 'F', '977179971', 'Jr Cahuide ', 1, '61619000', 'A'),
(271, 'LUIS ', 'Reinosa', 'Paz', '1977-04-05', '39', 'M', '977279572', 'Urb. 21 de Abril', 1, '71914595', 'A'),
(272, ' ELENA ', 'Venegas', 'Farro', '1999-05-17', '17', 'F', '077370073', 'Urb. 21 de Abril', 1, '66825170', 'A'),
(273, ' AMANDA', 'Berrocal', 'Leon ', '1978-07-21', '40', 'F', '977479974', 'Jr Cahuide ', 1, '21551719', 'A'),
(274, 'LUZ ', 'Acosta', 'Baez', '1994-03-09', '24', 'F', '977579975', 'Urb. La Caleta ', 1, '72210007', 'A'),
(275, 'MARINA', 'Ramos', 'Dominguez', '1957-09-25', '61', 'F', '977679876', 'Urb. La Caleta ', 1, '42000488 ', 'A'),
(276, ' ROSARIO ', 'Arena', 'Barrios', '2003-03-19', '13', 'F', '977779877', 'Av.Alfonso Ugarte', 1, '10127281 ', 'A'),
(277, ' MARITZA ', 'Pinilla', 'Carol', '1992-06-20', '26', 'F', '977879978', 'Urb Los picaflores', 1, '70041043', 'A'),
(278, 'LUZ ', 'Lagos', 'Camarones', '1993-04-23', '23', 'F', '077970079', 'Urb Los picaflores', 1, '15743257', 'A'),
(279, ' NANCY ', 'Angulo', 'Lanza', '1989-01-01', '27', 'F', '988089980', 'Jr Cahuide ', 1, '16202533', 'A'),
(280, 'MADIAN ', 'Torres', 'Bolivar', '1984-05-07', '34', 'M', '088180081', 'Av.Enrique Meiggs', 1, '12264899', 'A'),
(281, 'MAGDA ', 'Miranda', 'Roque', '1995-08-16', '21', 'F', '988289582', 'Urb. Las Palmeras', 1, '14936062', 'A'),
(282, 'MARCELA ', 'Lozada', 'Romero', '2006-12-26', '12', 'F', '988389883', 'Av.Alfonso Ugarte', 1, '11841665', 'A'),
(283, 'MARIA ', 'Vasquez', 'Santisteban', '1997-04-07', '19', 'F', '929183847', 'Urb. Garatea ', 1, '11980531', 'A'),
(284, 'MARTHA ', 'Cobo', 'Carranza', '2000-09-13', '18', 'F', '225896', 'Urb. Garatea ', 1, '15460173', 'A'),
(285, 'MARIA ', 'Ramos', 'Colmenares', '1958-05-27', '60', 'F', '985256999', 'AAHH.San Juan', 1, '14925744', 'A'),
(286, 'MARIA', 'Jimenez', 'Casona', '1985-02-17', '31', 'F', '369369', 'Jr Cahuide ', 1, '14705102', 'A'),
(287, ' PILAR ', 'Morales', 'Angeles', '1962-06-10', '56', 'F', '985696966', 'Urb. Garatea ', 1, '14121820', 'A'),
(288, ' ROSARIO', 'Cruz', 'Constanza', '2004-05-19', '14', 'F', '258299', 'Urb. El bosque', 1, '14141042', 'A'),
(289, ' ELENA', 'Rios', 'Tabina', '1971-06-20', '47', 'F', '987889999', 'Urb. El bosque', 1, '15780048', 'A'),
(290, 'MARIA ', 'Vazques', 'Salgado', '1999-05-20', '17', 'F', '987788544', 'Urb. Garatea ', 1, '15780000', 'A'),
(291, ' LILIANA ', 'Villar', 'Rivadeneira', '1979-09-19', '37', 'F', '989556565', 'Av.Alfonso Ugarte', 1, '15111419', 'A'),
(292, 'ISABEL ', 'Cruz', 'Mendez', '1951-02-03', '67', 'F', '925416666', 'Urb. Garatea ', 1, '15780890', 'A'),
(293, 'MARY ', 'Sandoval', 'Mu?oz', '1962-06-02', '56', 'F', '212548', 'Gr. Atahualpa ', 1, '15780600', 'A'),
(294, 'MARIBEL ', 'Elias', 'Pati?o', '2006-12-07', '12', 'F', '920165333', 'Av.Enrique Meiggs', 1, '12478890', 'A'),
(295, ' ADRIANA ', 'Rios', 'Linares', '1962-07-25', '56', 'F', '265989', 'Urb. Las Palmeras', 1, '15780900', 'A'),
(296, ' CECILIA ', 'Robles', 'Mellizos', '1961-04-23', '57', 'F', '365292', 'Urb Los picaflores', 1, '15111010', 'A'),
(297, 'MARTHA ', 'Angulo', 'Zambrano', '2005-09-26', '11', 'F', '365292', 'Urb Los picaflores', 1, '15780011', 'A'),
(298, ' JEANETH ', 'Alcala', 'Avila', '1977-01-21', '39', 'F', '326958', 'Urb. La Caleta ', 1, '13521518', 'A'),
(299, 'PATRICIA ', 'Hernandez', 'Silva', '1974-07-09', '44', 'F', '356982', 'Urb. La Caleta ', 1, '15155339 ', 'A'),
(300, 'MARTHA ', 'Campos', 'Garcia', '1964-08-10', '54', 'F', '369785', 'Urb. La Caleta ', 1, '15780063', 'A'),
(301, 'STELLA ', 'Lopez', 'Aguillon', '1963-05-26', '55', 'F', '398412', 'Urb. La Caleta ', 1, '16111919', 'A'),
(302, 'MIGUEL ', 'Hernandez', 'Becerra', '1951-09-15', '67', 'M', '978652412', '28 de julio', 1, '11808133 ', 'A'),
(303, 'EDUARDO ', 'Ramirez', 'Mendez', '1965-11-23', '53', 'M', '985632148', 'Av.Alfonso Ugarte', 1, '16221919', 'A'),
(304, 'MICHAEL ', 'Barrera', 'Murga', '1955-10-17', '63', 'M', '354187', 'Urb. Las Palmeras', 1, '16161661', 'A'),
(305, 'MILTON', 'Baylon', 'Pereira', '1968-03-27', '50', 'M', '985632147', 'Urb. El bosque', 1, '22596699', 'A'),
(306, 'MIRLEDIS ', 'Castillo', 'Cera', '1955-02-01', '63', 'M', '983722939', 'Urb. Garatea ', 1, '22655995', 'A'),
(307, 'MONICA ', 'Canales', 'Caicedo', '1967-01-25', '51', 'F', '933239432', 'Av.Enrique Meiggs', 1, '28965422', 'A'),
(308, 'ALEJANDRA ', 'Torres', 'Cordoba', '1968-05-24', '50', 'F', '933339833', 'Urb. 21 de Abril', 1, '28956248', 'A'),
(309, 'MONICA ', 'Espejo', 'Silva', '1976-11-03', '42', 'F', '033430034', 'Urb. Garatea ', 1, '21952863', 'A'),
(310, ' LILIANA ', 'Betancourt', 'Navas', '1975-09-11', '43', 'F', '933539935', 'Urb. Garatea ', 1, '25968425', 'A'),
(311, 'MONICA ', 'Lacotera', 'Parra', '1982-04-28', '36', 'F', '933639536', 'Urb Los picaflores', 1, '21459862', 'A'),
(312, 'MONICA ', 'Cores', 'Cuellar', '1973-09-19', '45', 'F', '933739737', 'Urb Los picaflores', 1, '25489562', 'A'),
(313, 'NANCY', 'Abanto', 'Tautiva', '2004-10-17', '16', 'F', '933839938', 'Urb Los picaflores', 1, '24859632', 'A'),
(314, 'MARCELA ', 'Caraza', 'Pinilla', '1948-06-30', '70', 'F', '433934-39', 'AAHH.San Juan', 1, '21456982', 'A'),
(315, 'NATALIA ', 'Due?as', 'Toronja', '1976-01-19', '42', 'F', '977179971', 'Av.Alfonso Ugarte', 1, '22056428', 'A'),
(316, 'NAYSHLEY ', 'Tapia', 'Neira', '1979-07-13', '37', 'F', '977279572', '28 de julio', 1, '22659814', 'A'),
(317, 'NESTOR ', 'Sabogal', 'saenz', '1983-08-24', '33', 'M', '077370073', '28 de julio', 1, '26598741', 'A'),
(318, ' LEONARDO ', 'Pati?o', 'Mori', '1968-03-15', '50', 'M', '977479974', 'Urb. El bosque', 1, '21123939', 'A'),
(319, ' IVAN ', 'Jara', 'Rosales', '1990-04-15', '28', 'M', '977579975', 'Gr. Atahualpa ', 1, '22146964', 'A'),
(320, 'LUZ ', 'Mori', 'Giraldo', '2000-05-09', '18', 'F', '977679876', '28 de julio', 1, '20673760', 'A'),
(321, 'NORMA ', 'Jurado', 'Cortez', '1995-02-05', '21', 'F', '977779877', '28 de julio', 1, '22532753 ', 'A'),
(322, ' CONSTANZA ', 'RAE', 'Paz', '1999-06-24', '17', 'F', '977879978', 'Urb Los picaflores', 1, '23278119', 'A'),
(323, 'OLGA ', 'Tello', 'Camarones', '1986-02-15', '32', 'F', '077970079', 'Urb. 21 de Abril', 1, '21241786', 'A'),
(324, ' ANDREA ', 'Garcia', 'Leiva', '1991-01-18', '25', 'F', '988089980', 'Urb. 21 de Abril', 1, '25743257', 'A'),
(325, 'PAOLA ', 'Galvez', 'Orte?o', '1980-07-23', '38', 'F', '088180081', 'Urb. Las Palmeras', 1, '26202533', 'A'),
(326, 'SUSANA ', 'Nilo', 'Aguilar', '1949-09-16', '69', 'F', '988289582', 'Urb. Las Palmeras', 1, '22264899', 'A'),
(327, 'PAULO ', 'Toro', 'Rojas', '1959-05-29', '59', 'M', '988389883', 'Av.Enrique Meiggs', 1, '24936062', 'A'),
(328, 'PIEDAD ', 'Yauro', 'Hernandez', '2005-12-14', '11', 'F', '929183847', 'Urb. 21 de Abril', 1, '21841665', 'A'),
(329, 'REINALDO ', 'Carrero', 'Cabrejo', '2002-05-05', '16', 'M', '225896', '28 de julio', 1, '21980531', 'A'),
(330, 'ROCIO ', 'Mora', 'Salcedo', '1965-09-20', '53', 'F', '985256999', '28 de julio', 1, '25460173', 'A'),
(331, 'ROSA ', 'Leon', 'Tolentino', '1993-09-05', '23', 'F', '369369', 'Urb Los picaflores', 1, '24925744', 'A'),
(332, 'TULIA ', 'Ripa', 'Neira', '1981-02-21', '35', 'F', '985696966', 'Urb Los picaflores', 1, '24705102', 'A'),
(333, 'ROCIO ', 'Beranjo', 'Carrasco', '1951-07-15', '67', 'F', '258299', 'Urb Los picaflores', 1, '24121820', 'A'),
(334, 'RUBY ', 'Alonzo', 'Rosal', '1975-12-05', '43', 'F', '987889999', 'Urb. Las Palmeras', 1, '24141042', 'A'),
(335, ' BEATRIZ ', 'Bernabe', 'Farro', '1996-04-14', '22', 'F', '987788544', 'Gr. Atahualpa ', 1, '35780010', 'A'),
(336, 'SANDRA', 'Amaya', 'Suarez', '1990-03-23', '28', 'F', '305200', 'Urb. Las Palmeras', 1, '35780011', 'A'),
(337, ' MILENA ', 'Colmenares', 'Gorrion', '1960-05-08', '58', 'F', '344292', 'Urb. El bosque', 1, '35780012', 'A'),
(338, 'SANDRA ', 'Sabina', 'Loche', '1985-09-12', '31', 'F', '900059450', '28 de julio', 1, '35780013', 'A'),
(339, ' CRISTINA ', 'Due?as', 'Ruiz', '1993-11-15', '23', 'F', '905159851', '28 de julio', 1, '35780014', 'A'),
(340, ' PATRICIA ', 'Garzon', 'Jimenez', '1978-06-15', '40', 'F', '912259952', 'Urb. 21 de Abril', 1, '35780015', 'A'),
(341, ' YUCELY  ', 'Trujillo', 'Carrion', '1990-09-17', '28', 'F', '969359953', 'Urb. Garatea ', 1, '35780016', 'A'),
(342, 'SANDRA ', 'Agudelo', 'Lopez', '1969-08-21', '49', 'F', '999459654', '28 de julio', 1, '35780017', 'A'),
(343, ' ESPERANZA ', 'Pe?a', 'Raza', '1997-01-12', '19', 'F', '011550055', '28 de julio', 1, '35780018', 'A'),
(344, 'NELVY ', 'Carbonel ', 'Coral', '0000-00-00', '21', 'F', '950009956', 'Av.Enrique Meiggs', 1, '35780019', 'A'),
(345, 'SONIA ', 'Camargo', 'Urrea', '1991-04-21', '25', 'F', '955759000', 'Urb. Las Palmeras', 1, '35780020', 'A'),
(346, 'TANIA ', 'Manjares', 'Robles', '2001-07-17', '15', 'F', '950009858', 'Urb. 21 de Abril', 1, '35780021', 'A'),
(347, 'TANIA ', 'Gimenez', 'Lopez', '1993-06-19', '23', 'F', '911005969', 'Urb. Las Palmeras', 1, '35780022', 'A'),
(348, 'VICTORIA ', 'Torres', 'Rincon', '1970-01-09', '48', 'F', '912345678', 'Urb. Garatea ', 1, '35780023', 'A'),
(349, 'VICTORIA ', 'Casta?eda', 'Lincol', '2006-06-25', '12', 'F', '913452344', 'Gr. Atahualpa ', 1, '35780024', 'A'),
(350, 'WILDER', 'Moran', 'Rincon', '1991-08-21', '25', 'M', '921345347', 'Urb. Garatea ', 1, '35780025', 'A'),
(351, 'WILSON ', 'Hernandez', 'Morales', '1987-05-22', '29', 'M', '987656576', 'Urb. Garatea ', 1, '35780026', 'A'),
(352, 'YADIRA', 'Sarmiento', 'Espinoza', '1994-09-26', '24', 'F', '324567', 'Urb. El bosque', 1, '35780027', 'A'),
(353, 'YANIRA ', 'Arias', 'Brito', '2000-12-26', '18', 'F', '91237787', 'AAHH.San Juan', 1, '35780028', 'A'),
(354, 'YEIMI ', 'Castillo ', 'Rojas', '1960-04-28', '58', 'F', '324567', 'Urb. Garatea ', 1, '35780029', 'A'),
(355, 'YULIAN ', 'Arizaga', 'Mosqueda', '1961-09-29', '57', 'F', '929183847', 'Urb. Garatea ', 1, '55780010', 'A'),
(356, 'YURY', 'Espata', 'Villar', '1987-07-10', '29', 'F', '225896', 'Urb. Garatea ', 1, '55780011', 'A'),
(357, 'ZANDRA ', 'Alfonzo', 'Pe?a', '2005-08-23', '13', 'F', '985256999', 'Av.Alfonso Ugarte', 1, '55780012', 'A'),
(358, 'ZULENA', 'Mora', 'Navaz', '1978-09-15', '40', 'F', '369369', 'Av.Enrique Meiggs', 1, '55780013', 'A'),
(359, 'Marcos', 'Betancourt', 'Guarin', '1998-04-16', '20', 'M', '985696966', 'Urb. 21 de Abril', 1, '55780014', 'A'),
(360, 'Antonio', 'Lacotera', 'Gomez', '1975-03-13', '43', 'M', '911451979', 'Urb. La Caleta ', 1, '55780015', 'A'),
(361, 'Marcelo', 'Cores', 'Rueda', '1989-06-15', '27', 'M', '011461001', 'Urb. La Caleta ', 1, '55780016', 'A'),
(362, 'Gianella', 'Abanto', 'Arevalo', '1970-05-15', '48', 'F', '911471991', 'Urb. La Caleta ', 1, '55780017', 'A'),
(363, 'Gabriel', 'Caraza', 'Salsedo', '1977-06-13', '39', 'M', '911481981', 'Urb. La Caleta ', 1, '55780018', 'A'),
(364, 'Santos', 'Due?as', 'Coronel', '2003-04-09', '13', 'M', '911491991', '28 de julio', 1, '55780019', 'A'),
(365, 'Oscar', 'Tapia', 'Coral', '1979-12-20', '37', 'M', '011501001', 'Av.Alfonso Ugarte', 1, '55780020', 'A'),
(366, 'Omar', 'Sabogal', 'Saenz', '0000-00-00', '14', 'M', '911511961', 'Urb. Las Palmeras', 1, '55780021', 'A'),
(367, 'Ronny', 'Pati?o', 'Leguia', '2003-07-10', '13', 'M', '911521961', 'Urb. El bosque', 1, '55780022', 'A'),
(368, 'Javier', 'Jara', 'Rivera', '2000-02-12', '18', 'M', '911531981', 'Urb. Garatea ', 1, '55780023', 'A'),
(369, 'Luis', 'Mori', 'Rivera', '1960-02-21', '58', 'M', '011541001', 'Av.Enrique Meiggs', 1, '55780024', 'A'),
(370, 'Miriam', 'Aranda', 'Lopez', '1969-04-28', '49', 'F', '91155197155', 'Urb. 21 de Abril', 1, '55780025', 'A'),
(371, 'karolina', 'Acevedo', 'Costa', '2005-04-12', '11', 'F', '91156199156', 'Urb. Garatea ', 1, '55780026', 'A'),
(372, 'Raquel', 'Ascate', 'Espinoza', '1966-06-23', '53', 'F', '91157197157', 'Urb. Garatea ', 1, '55780027', 'A'),
(373, 'ROMINA', 'Iglesias', 'Linares', '1998-06-23', '20', 'M', '91158198158', 'Urb Los picaflores', 1, '55780028', 'A'),
(374, 'FERMIN ', 'del Rio', 'Camilla', '1996-12-20', '22', 'M', '91159197159', 'Urb Los picaflores', 1, '55780029', 'A'),
(375, 'ERICK', 'Martin', 'Milla', '1973-12-20', '45', 'M', '91160197160', 'Urb Los picaflores', 1, '60041043', 'A'),
(376, 'MARLON', 'Minchola', 'Procedes', '1972-12-20', '46', 'F', '01161100161', 'AAHH.San Juan', 1, '65743257', 'A'),
(377, 'PRISCILA', 'Acevedo', 'Carrillo', '1971-12-20', '47', 'F', '91162197162', 'Av.Alfonso Ugarte', 1, '66202533', 'A'),
(378, 'PERLA', 'Villanueva', 'Rosado', '1970-12-20', '48', 'F', '01163100163', '28 de julio', 1, '62264899', 'A'),
(379, 'TANNY', 'Pulido', 'Lemus', '1968-12-20', '50', 'F', '01164100164', '28 de julio', 1, '64936062', 'A'),
(380, 'DONNY', 'Mendez', 'Sanchez', '1967-12-20', '51', 'M', '01165100165', 'Urb. El bosque', 1, '61841665', 'A'),
(381, 'AZUL', 'Trujillo', 'Carrion', '1983-12-20', '35', 'F', '91166196166', 'Gr. Atahualpa ', 1, '61980531', 'A'),
(382, 'LUNA', 'Rojas', 'Torres', '1956-04-21', '62', 'F', '91167196167', '28 de julio', 1, '65460173', 'A'),
(383, 'BELEN', 'Velazquez', '', '0000-00-00', '21', 'F', '01168100168', '28 de julio', 1, '64925744', 'A'),
(384, 'BENJAMIN', 'Bedon', 'Farro', '2000-07-17', '18', 'M', '91169196169', 'Urb Los picaflores', 1, '64705102', 'A'),
(385, 'BERNARDO', 'Calle', 'Leon ', '2000-11-15', '18', 'M', '913452343', 'Urb. 21 de Abril', 1, '64121820', 'A'),
(386, 'GABRIEL', 'Castillo', 'Baez', '1987-06-15', '31', 'M', '92135698', 'Urb. 21 de Abril', 1, '64141042', 'A'),
(387, 'NICOLE', 'Acevedo ', 'Dominguez', '1956-09-17', '62', 'F', '980006576', 'Urb. Las Palmeras', 1, '65780048', 'A'),
(388, 'ANGIE', 'Almora', 'Barrios', '1934-08-21', '84', 'F', '320067', 'Urb. Las Palmeras', 1, '65780000', 'A'),
(389, 'JOSSELYN', 'Alva ', 'Carol', '1975-01-12', '41', 'F', '91237007', 'Av.Enrique Meiggs', 1, '65111419', 'A'),
(390, 'ALYSON', 'Arevalo', 'Camarones', '0000-00-00', '45', 'F', '320567', 'Urb. 21 de Abril', 1, '65780890', 'A'),
(391, 'EDUARDO', 'Arias', 'Lanza', '1999-04-21', '19', 'M', '929003847', '28 de julio', 1, '65780600', 'A'),
(392, 'ANA', 'Arroyo', 'Bolivar', '1995-07-17', '23', 'F', '01225896', '28 de julio', 1, '62478890', 'A'),
(393, 'DIANA ', 'Alocwn', 'Roque', '2000-06-19', '18', 'F', '985256011', 'Urb Los picaflores', 1, '65780900', 'A'),
(394, 'ARACELY', 'Rojas', 'Romero', '1999-01-09', '19', 'F', '369009', 'Urb Los picaflores', 1, '65111010', 'A'),
(395, 'MARISOL', 'Bedoya', 'Santisteban', '1998-02-21', '20', 'F', '985693548', 'Urb Los picaflores', 1, '65780011', 'A'),
(396, 'DIONELLA', 'Bedregal', 'Carranza', '1997-07-15', '21', 'F', '01258909', 'Urb. Las Palmeras', 1, '63521518', 'A'),
(397, 'ANTONELLA', 'Bejar', 'Colmenares', '1969-12-05', '49', 'F', '912345678', 'Gr. Atahualpa ', 1, '65155339 ', 'A'),
(398, 'YANIRA ', 'Benavides', 'Casona', '1960-04-14', '58', 'F', '913452344', 'Urb. Las Palmeras', 1, '65780063', 'A'),
(399, 'YANIR', 'Calle', 'Angeles', '1961-03-23', '57', 'F', '921345347', 'Urb. El bosque', 1, '66111919', 'A'),
(400, 'MARYURI', 'Chirinos', 'Constanza', '1965-05-08', '53', 'F', '987656576', '28 de julio', 1, '61808133 ', 'A'),
(401, 'AYLEEN', 'Moreno', 'Tabina', '1979-09-12', '39', 'F', '324567', '28 de julio', 1, '66221919', 'A'),
(402, 'JOSE', 'Carrera', 'Salgado', '1982-11-15', '36', 'M', '91237787', 'Urb. 21 de Abril', 1, '66161661', 'A'),
(403, 'LUIS', 'Betancourt', 'Rivadeneira', '1993-06-15', '25', 'M', '324567', 'Urb. Garatea ', 1, '85780010', 'A'),
(404, 'MOISES', 'Aristisabal', 'Mendez', '1994-09-17', '24', 'M', '929183847', '28 de julio', 1, '85780011', 'A'),
(405, 'DEMETRIO', 'Matta', 'Mu?oz', '1948-05-24', '70', 'M', '225896', '28 de julio', 1, '85780012', 'A'),
(406, 'CLEMENTINA', 'Guzman', 'Pati?o', '1977-11-03', '41', 'F', '985256999', 'Av.Enrique Meiggs', 1, '85780013', 'A'),
(407, 'FRANSISCO', 'Arana', 'Linares', '1999-02-10', '19', 'M', '369369', 'Urb. Las Palmeras', 1, '85780014', 'A'),
(408, 'TOMAS', 'Diaz', 'Mellizos', '1986-02-08', '32', 'M', '985696966', 'Urb. 21 de Abril', 1, '85780015', 'A'),
(409, 'FERNANDA ', 'Garcia', 'Zambrano', '1948-07-05', '70', 'F', '258299', 'Urb. Las Palmeras', 1, '85780016', 'A'),
(410, 'Gabriel', 'Guzman', 'Avila', '1980-12-01', '38', 'M', '987889999', 'Urb. Garatea ', 1, '85780017', 'A'),
(411, 'ANTONIO', 'Gonzales', 'Silva', '1940-10-07', '78', 'M', '987788544', 'Gr. Atahualpa ', 1, '85780018', 'A'),
(412, 'ANALY', 'Lozano', 'Garcia', '1978-10-12', '40', 'F', '989556565', 'Urb. Garatea ', 1, '85780019', 'A'),
(413, 'TATYANA', 'Romero', 'Aguillon', '2000-08-01', '18', 'F', '925416666', 'Urb. Garatea ', 1, '85780020', 'A'),
(414, 'ANDY', 'Peralta', 'Becerra', '1979-04-13', '39', 'M', '212548', 'Urb. El bosque', 1, '85780021', 'A'),
(415, 'CAROLINA ', 'Herrera', 'Mendez', '1992-09-09', '26', 'F', '920165333', 'AAHH.San Juan', 1, '85780022', 'A'),
(416, 'MICHELL', 'Huilca', 'Murga', '1986-04-21', '32', 'M', '265989', 'Urb. Garatea ', 1, '85780023', 'A'),
(417, 'DIEGO ', 'Astete', 'Pereira', '1998-01-08', '20', 'M', '365292', 'Urb. Garatea ', 1, '85780024', 'A'),
(418, 'ROBERTO', 'Salas', 'Cera', '1981-09-03', '37', 'M', '365292', 'Urb. Garatea ', 1, '85780025', 'A'),
(419, 'DAYANA', 'Romero', 'Caicedo', '1970-05-27', '48', 'F', '326958', 'Av.Alfonso Ugarte', 1, '85780026', 'A'),
(420, 'LUCIA', 'Romero', 'Cordoba', '1999-07-19', '19', 'F', '356982', 'Av.Enrique Meiggs', 1, '85780027', 'A'),
(421, 'LUCIA', 'Martinez', 'Silva', '1981-02-21', '37', 'F', '369785', 'Urb. 21 de Abril', 1, '85780028', 'A'),
(422, 'MARIO', 'Flores', 'Navas', '1978-12-09', '40', 'M', '398412', 'Urb Los picaflores', 1, '85780029', 'A'),
(423, 'EDGAR', 'Haupaya', 'Parra', '1996-10-05', '22', 'M', '978652412', 'Urb. El bosque', 1, '65780010', 'A'),
(424, 'EDMUNDO', 'La Rosa', 'Cuellar', '1983-05-17', '35', 'M', '985632148', 'Urb.Los Pinos ', 1, '65780011', 'A'),
(425, 'ERNESTO', 'Llenpen ', 'Tautiva', '2000-09-14', '18', 'M', '912345678', 'Jr Cahuide ', 1, '65780012', 'A'),
(426, 'FAVIOLA', 'Lujan', 'Pinilla', '1949-03-29', '69', 'F', '913452344', '28 de julio', 1, '65780013', 'A'),
(427, 'SAMUEL', 'Magui?a', 'Toronja', '1986-03-01', '32', 'M', '921345347', 'Pasaje Pachacutec', 1, '65780014', 'A'),
(428, 'VILMA', 'Landa', 'Neira', '1997-06-03', '21', 'F', '987656576', 'Gr. Atahualpa ', 1, '65780015', 'A'),
(429, 'VICTORIA ', 'Malonado', 'saenz', '1993-12-11', '23', 'F', '324567', 'Urb. Laderas del Norte', 1, '65780016', 'A'),
(430, 'MATHIAS', 'Marquez', 'Mori', '1994-06-12', '24', 'M', '91237787', 'Urb. La Caleta ', 1, '65780017', 'A'),
(431, 'FAVIANA', 'Perez', 'Rosales', '1992-08-14', '26', 'F', '324567', 'Urb. 21 de Abril', 1, '65780018', 'A'),
(432, 'PATRICIO', 'Navarro', 'Giraldo', '1980-05-24', '38', 'M', '929183847', 'AAHH.San Juan', 1, '65780019', 'A'),
(433, 'FLAVIA', 'Zuta', 'Cortez', '1996-01-25', '22', 'F', '225896', 'AAHH.San Juan', 1, '65780020', 'A'),
(434, 'TOMMY', 'Vibes', 'Paz', '2000-03-08', '18', 'M', '985256999', 'Gr. Atahualpa ', 1, '65780021', 'A'),
(435, 'FERNANDO', 'Holgado', 'Camarones', '1972-11-15', '42', 'M', '369369', 'Urb. El bosque', 1, '65780022', 'A'),
(436, 'ANTONIO', 'Reyes', 'Leiva', '1983-08-07', '35', 'M', '985696966', 'AAHH.San Juan', 1, '65780023', 'A'),
(437, 'RUBEN', 'Ortiz', 'Orte?o', '0000-00-00', '44', 'M', '258299', 'Urb. La Caleta ', 1, '65780024', 'A'),
(438, 'SANDRA', 'Pastor', 'Aguilar', '1948-04-01', '70', 'F', '987889999', 'Urb. 21 de Abril', 1, '65780025', 'A'),
(439, 'JACKELINE', 'Camacho', 'Rojas', '1988-06-30', '30', 'F', '987788544', '28 de julio', 1, '65780026', 'A'),
(440, 'CARITO', 'Jaramillo', 'Hernandez', '2006-08-15', '12', 'F', '989556565', 'Urb. El bosque', 1, '65780027', 'A'),
(441, 'CARMEN', 'Nu?ez ', 'Cabrejo', '1990-02-27', '28', 'F', '925416666', 'AAHH.San Juan', 1, '65780028', 'A');
INSERT INTO `paciente` (`idpaciente`, `nombre`, `appaterno`, `apmaterno`, `fechanacimiento`, `edad`, `sexo`, `telefono`, `direccion`, `idtdocumento`, `nrodocumento`, `estado`) VALUES
(442, 'DELIA', 'Vilchez', 'Salcedo', '1950-12-12', '68', 'F', '212548', 'Gr. Atahualpa ', 1, '65780029', 'A'),
(443, 'JULISSA', 'Mori', 'Tolentino', '1972-09-22', '46', 'F', '920165333', 'Urb. La Caleta ', 1, '80041043', 'A'),
(444, 'JULIO', 'Prada', 'Neira', '1998-07-10', '20', 'M', '265989', 'Urb. El bosque', 1, '85743257', 'A'),
(445, 'BERNARDO', 'Rios ', 'Carrasco', '0000-00-00', '66', 'M', '365292', 'AAHH.San Juan', 1, '86202533', 'A'),
(446, 'Raquel', 'Robles', 'Rosal', '1986-03-03', '32', 'F', '365292', 'Urb. 21 de Abril', 1, '82264899', 'A'),
(447, 'HAROLD', 'Rojas', 'Farro', '0000-00-00', '14', 'M', '326958', 'Urb. Laderas del Norte', 1, '84936062', 'A'),
(448, 'HERNAN', 'Rosales', 'Suarez', '0000-00-00', '52', 'M', '356982', 'Urb. El bosque', 1, '81841665', 'A'),
(449, 'Edwin', 'Ruiz', 'Gorrion', '1980-02-28', '38', 'M', '369785', 'AAHH.San Juan', 1, '81980531', 'A'),
(450, 'CARLITOS', 'Yanac', 'Loche', '0000-00-00', '18', 'M', '398412', '28 de julio', 1, '85460173', 'A'),
(451, 'ARIANA', 'Puccio', 'Ruiz', '0000-00-00', '58', 'F', '978652412', 'Urb. El bosque', 1, '84925744', 'A'),
(452, 'KIMBERLY', 'Arone', 'Jimenez', '1980-12-28', '38', 'F', '985632148', 'AAHH.San Juan', 1, '84705102', 'A'),
(453, 'CHRISTOFER', 'Cruz', 'Carrion', '2002-04-18', '16', 'M', '912345678', 'Urb Los picaflores', 1, '84121820', 'A'),
(454, 'GERALDINE', 'Tejedo', 'Lopez', '1993-07-04', '23', 'F', '913452344', 'Urb. El bosque', 1, '84141042', 'A'),
(455, 'JESICA', 'Davila', 'Raza', '2007-03-09', '9', 'F', '921345347', 'AAHH.San Juan', 1, '85780048', 'A'),
(456, 'SHEYLA', 'Davila', 'Coral', '1949-01-03', '69', 'F', '987656576', 'Urb. Laderas del Norte', 1, '85780000', 'A'),
(457, 'EDUARDO', 'Solano', 'Urrea', '1981-03-07', '35', 'M', '324567', 'Av.Enrique Meiggs', 1, '85111419', 'A'),
(458, 'BETO', 'Gaspar', 'Robles', '1997-03-07', '21', 'M', '91237787', 'Urb. El bosque', 1, '85780890', 'A'),
(459, 'JUNIOR', 'Parodi', 'Lopez', '1993-06-11', '23', 'M', '324567', 'Urb. Laderas del Norte', 1, '85780600', 'A'),
(460, 'NICKSON', 'Carreazo', 'Rincon', '1965-07-12', '53', 'M', '929183847', '28 de julio', 1, '82478890', 'A'),
(461, 'ELIZABETH ', 'Ramos', 'Lincol', '2001-09-22', '15', 'F', '225896', 'Urb. 21 de Abril', 1, '85780900', 'A'),
(462, 'MILAGROS', 'Silva', 'Rincon', '1991-09-06', '25', 'F', '985256999', 'Urb. El bosque', 1, '85111010', 'A'),
(463, 'MARIANA', 'Lucero', 'Morales', '1956-09-11', '62', 'F', '369369', 'Urb. El bosque', 1, '85780011', 'A'),
(464, 'JOSE', 'Alvarado', 'Espinoza', '1980-09-05', '38', 'M', '985696966', 'Av.Alfonso Ugarte', 1, '83521518', 'A'),
(465, 'STALYN', 'Onaga', 'Brito', '1969-07-03', '49', 'M', '258299', 'Urb. La Caleta ', 1, '85155339 ', 'A'),
(466, 'MARK', 'Vega', 'Rojas', '1996-10-05', '22', 'M', '987889999', 'Av.Enrique Meiggs', 1, '85780063', 'A'),
(467, 'EMMA', 'Chang', 'Mosqueda', '1951-06-04', '67', 'F', '987788544', 'Urb Los picaflores', 1, '86111919', 'A'),
(468, 'VICTOR', 'Flores', 'Villar', '1996-04-06', '22', 'M', '989556565', 'Gr. Atahualpa ', 1, '81808133 ', 'A'),
(469, 'JAVIER', 'Vilca', 'Pe?a', '1961-06-15', '57', 'M', '925416666', 'Gr. Atahualpa ', 1, '8221919', 'A'),
(470, 'FAVIO', 'Zamalloa', 'Navaz', '2003-09-26', '13', 'M', '212548', 'Urb. 21 de Abril', 1, '86161661', 'A'),
(471, 'JUANCARLOS', 'Tamargo', 'Guarin', '1953-01-09', '65', 'M', '920165333', '28 de julio', 1, '95780010', 'A'),
(472, 'NORMA ', 'Aparicio', 'Gomez', '1970-01-11', '48', 'F', '265989', 'Av.Alfonso Ugarte', 1, '95780011', 'A'),
(473, 'ROSA ', 'Bernabe', 'Rueda', '1965-02-20', '53', 'F', '365292', 'Urb. El bosque', 1, '95780012', 'A'),
(474, 'ELIZABETH ', 'Campos', 'Arevalo', '1977-04-05', '39', 'F', '365292', 'Urb. El bosque', 1, '95780013', 'A'),
(475, 'NICOLAS', 'Contreras', 'Salsedo', '1999-05-17', '17', 'M', '326958', 'Av.Enrique Meiggs', 1, '95780014', 'A'),
(476, 'JUAN', 'Navarro', 'Coronel', '1978-07-21', '40', 'M', '356982', 'Av.Enrique Meiggs', 1, '95780015', 'A'),
(477, 'BRAYAN', 'Vique', 'Coral', '1994-03-09', '24', 'M', '369785', 'Urb. La Caleta ', 1, '95780016', 'A'),
(478, 'JORGE', 'Garcia', 'Saenz', '1957-09-25', '61', 'M', '398412', 'Urb Los picaflores', 1, '95780017', 'A'),
(479, 'Edwin', 'Alarcon', 'Leguia', '2003-03-19', '13', 'M', '978652412', 'AAHH.San Juan', 1, '95780018', 'A'),
(480, 'KATHERINE', 'Galdeano', 'Rivera', '1992-06-20', '26', 'F', '985632148', '28 de julio', 1, '95780019', 'A'),
(481, 'KARIN', 'Oller', 'Robles', '1993-04-23', '23', 'F', '912345678', '28 de julio', 1, '95780020', 'A'),
(482, 'Oscar', 'Carre?o', 'Martin', '1989-01-01', '27', 'M', '913452344', '28 de julio', 1, '95780021', 'A'),
(483, 'MAGDALENA', 'Pascual', 'Latorre', '1984-05-07', '34', 'F', '921345347', 'Jr Cahuide ', 1, '95780022', 'A'),
(484, 'ABIGAIL', 'Amate', 'Lozano', '1995-08-16', '21', 'F', '987656576', 'Urb. Las Palmeras', 1, '95780023', 'A'),
(485, 'SHIRLEY', 'Avenda?o', 'Jimenez', '2006-12-26', '12', 'F', '324567', 'Jr Cahuide ', 1, '95780024', 'A'),
(486, 'ALDO', 'Segura', 'Lorente', '1997-04-07', '19', 'M', '91237787', 'Urb. El bosque', 1, '95780025', 'A'),
(487, 'MILAGROS', 'Higueras', 'Lupion', '2000-09-13', '18', 'F', '324567', 'Av.Enrique Meiggs', 1, '95780026', 'A'),
(488, 'ISABEL', 'Lopez', 'Malonado', '1958-05-27', '60', 'F', '929183847', 'Av.Alfonso Ugarte', 1, '95780027', 'A'),
(489, 'RONALD', 'Gonzales', 'Medina', '1985-02-17', '31', 'M', '225896', 'Urb. Las Palmeras', 1, '95780028', 'A'),
(490, 'JIMENA', 'Crespo', 'Marin', '1962-06-10', '56', 'F', '985256999', 'Urb. Garatea ', 1, '95780029', 'A'),
(491, 'BEATRIZ', 'Ma?as', 'Medina', '2004-05-19', '14', 'F', '369369', 'Gr. Atahualpa ', 1, '95780010', 'A'),
(492, 'SALOMON', 'Seguin', 'Lozano', '1971-06-20', '47', 'M', '985696966', 'Urb. La Caleta ', 1, '95780011', 'A'),
(493, 'YUBER', 'Casado ', 'Ariza', '1999-05-20', '17', 'M', '258299', 'Urb. 21 de Abril', 1, '95780012', 'A'),
(494, 'RUBEN', 'Heras', 'Acu?a', '1979-09-19', '37', 'M', '987889999', 'Jr Cahuide ', 1, '95780013', 'A'),
(495, 'CARLOS', 'Saez', 'Cortez ', '1951-02-03', '67', 'M', '987788544', '28 de julio', 1, '95780014', 'A'),
(496, 'CAROLINA ', 'Iglesias', 'Guzman', '1962-06-02', '56', 'F', '989556565', 'Jr Cahuide ', 1, '95780015', 'A'),
(497, 'Gia', 'Manzano', 'Mori', '2006-12-07', '12', 'F', '925416666', 'Urb. El bosque', 1, '95780016', 'A'),
(498, 'Mariela', 'Hernandez', 'Paz', '1962-07-25', '56', 'F', '212548', 'Urb. El bosque', 1, '95780017', 'A');

-- --------------------------------------------------------

--
-- Estructura de tabla para la tabla `recetamedico`
--

CREATE TABLE `recetamedico` (
  `idconsultoriomedico` int(11) NOT NULL
) ENGINE=InnoDB DEFAULT CHARSET=utf8;

-- --------------------------------------------------------

--
-- Estructura de tabla para la tabla `tipodocumento`
--

CREATE TABLE `tipodocumento` (
  `idtdocumento` int(11) NOT NULL,
  `nombretdocumento` varchar(200) NOT NULL
) ENGINE=InnoDB DEFAULT CHARSET=utf8;

--
-- Volcado de datos para la tabla `tipodocumento`
--

INSERT INTO `tipodocumento` (`idtdocumento`, `nombretdocumento`) VALUES
(1, 'DNI'),
(2, 'Carnet de Extranjeria'),
(3, 'Registro de Contribuyentes'),
(4, 'Pasaporte'),
(5, 'Celula Diplomatica'),
(6, 'otros documentos');

-- --------------------------------------------------------

--
-- Estructura de tabla para la tabla `ubigeo`
--

CREATE TABLE `ubigeo` (
  `idubigeo` int(11) NOT NULL,
  `ubigeo` varchar(20) NOT NULL,
  `nom_departamento` varchar(20) NOT NULL,
  `nom_provincia` varchar(20) NOT NULL,
  `nom_distrito` varchar(20) NOT NULL
) ENGINE=InnoDB DEFAULT CHARSET=utf8;

--
-- Volcado de datos para la tabla `ubigeo`
--

INSERT INTO `ubigeo` (`idubigeo`, `ubigeo`, `nom_departamento`, `nom_provincia`, `nom_distrito`) VALUES
(1, '70101', 'Callao', 'Callao', 'Callao'),
(2, '130101', 'La Libertad', 'Trujillo', 'Trujillo'),
(3, '150101', 'Lima', 'Lima', 'Lima'),
(4, '1021801', 'Ancash', 'Santa', 'Chimbote');

-- --------------------------------------------------------

--
-- Estructura de tabla para la tabla `usuario`
--

CREATE TABLE `usuario` (
  `idusuario` int(11) NOT NULL,
  `userid` varchar(8) NOT NULL,
  `userpassword` varchar(100) NOT NULL,
  `nombres` varchar(50) NOT NULL,
  `apellidos` varchar(100) NOT NULL,
  `rol` varchar(20) NOT NULL,
  `estado` varchar(50) NOT NULL
) ENGINE=InnoDB DEFAULT CHARSET=utf8;

--
-- Volcado de datos para la tabla `usuario`
--

INSERT INTO `usuario` (`idusuario`, `userid`, `userpassword`, `nombres`, `apellidos`, `rol`, `estado`) VALUES
(1, '45632145', '123456', 'Robert', 'reyes', 'Administrador', 'Activo'),
(2, '12345678', '123456', 'karen', 'minchola', 'Gerencial', 'Activo'),
(3, '78965412', 'dfsf', 'sddddf', 'dsfsdfsdf', 'Administrador', 'Activo');

--
-- Índices para tablas volcadas
--

--
-- Indices de la tabla `almacenmedicina`
--
ALTER TABLE `almacenmedicina`
  ADD PRIMARY KEY (`idmedicina`);

--
-- Indices de la tabla `calendario`
--
ALTER TABLE `calendario`
  ADD PRIMARY KEY (`idcita`);

--
-- Indices de la tabla `citamedica`
--
ALTER TABLE `citamedica`
  ADD PRIMARY KEY (`idcita`),
  ADD KEY `fk_pacientereee` (`idpaciente`),
  ADD KEY `fk_medicocita` (`idmedico`),
  ADD KEY `fk_consultoriocita` (`idconsultorio`);

--
-- Indices de la tabla `consultamedica`
--
ALTER TABLE `consultamedica`
  ADD PRIMARY KEY (`idconsultamedica`),
  ADD KEY `fk_cita` (`idcita`),
  ADD KEY `fk_enfermedad` (`idenfermedad`),
  ADD KEY `fk_medicinaaa` (`idmedicina`);

--
-- Indices de la tabla `consultorio`
--
ALTER TABLE `consultorio`
  ADD PRIMARY KEY (`idconsultorio`);

--
-- Indices de la tabla `enfermedad`
--
ALTER TABLE `enfermedad`
  ADD PRIMARY KEY (`idenfermedad`);

--
-- Indices de la tabla `especialidad`
--
ALTER TABLE `especialidad`
  ADD PRIMARY KEY (`idespecialidad`);

--
-- Indices de la tabla `historialclinico`
--
ALTER TABLE `historialclinico`
  ADD PRIMARY KEY (`idhistorialclinico`),
  ADD KEY `fk_pacientehistorial` (`idpaciente`),
  ADD KEY `fk_consultamedica` (`idconsultamedica`);

--
-- Indices de la tabla `medicina`
--
ALTER TABLE `medicina`
  ADD PRIMARY KEY (`idmedicina`);

--
-- Indices de la tabla `medico`
--
ALTER TABLE `medico`
  ADD PRIMARY KEY (`idmedico`),
  ADD KEY `fk_especialidad` (`idespecialidad`),
  ADD KEY `fk_ubigeo` (`idubigeo`),
  ADD KEY `fk_tipocosumentomedico` (`idtdocumento`);

--
-- Indices de la tabla `paciente`
--
ALTER TABLE `paciente`
  ADD PRIMARY KEY (`idpaciente`),
  ADD KEY `fk_tipodocumento` (`idtdocumento`);

--
-- Indices de la tabla `recetamedico`
--
ALTER TABLE `recetamedico`
  ADD PRIMARY KEY (`idconsultoriomedico`);

--
-- Indices de la tabla `tipodocumento`
--
ALTER TABLE `tipodocumento`
  ADD PRIMARY KEY (`idtdocumento`);

--
-- Indices de la tabla `ubigeo`
--
ALTER TABLE `ubigeo`
  ADD PRIMARY KEY (`idubigeo`);

--
-- Indices de la tabla `usuario`
--
ALTER TABLE `usuario`
  ADD PRIMARY KEY (`idusuario`);

--
-- AUTO_INCREMENT de las tablas volcadas
--

--
-- AUTO_INCREMENT de la tabla `almacenmedicina`
--
ALTER TABLE `almacenmedicina`
  MODIFY `idmedicina` int(11) NOT NULL AUTO_INCREMENT;

--
-- AUTO_INCREMENT de la tabla `calendario`
--
ALTER TABLE `calendario`
  MODIFY `idcita` int(11) NOT NULL AUTO_INCREMENT;

--
-- AUTO_INCREMENT de la tabla `citamedica`
--
ALTER TABLE `citamedica`
  MODIFY `idcita` int(11) NOT NULL AUTO_INCREMENT, AUTO_INCREMENT=521;

--
-- AUTO_INCREMENT de la tabla `consultamedica`
--
ALTER TABLE `consultamedica`
  MODIFY `idconsultamedica` int(11) NOT NULL AUTO_INCREMENT, AUTO_INCREMENT=521;

--
-- AUTO_INCREMENT de la tabla `consultorio`
--
ALTER TABLE `consultorio`
  MODIFY `idconsultorio` int(11) NOT NULL AUTO_INCREMENT, AUTO_INCREMENT=26;

--
-- AUTO_INCREMENT de la tabla `enfermedad`
--
ALTER TABLE `enfermedad`
  MODIFY `idenfermedad` int(11) NOT NULL AUTO_INCREMENT, AUTO_INCREMENT=35;

--
-- AUTO_INCREMENT de la tabla `especialidad`
--
ALTER TABLE `especialidad`
  MODIFY `idespecialidad` int(11) NOT NULL AUTO_INCREMENT, AUTO_INCREMENT=25;

--
-- AUTO_INCREMENT de la tabla `historialclinico`
--
ALTER TABLE `historialclinico`
  MODIFY `idhistorialclinico` int(11) NOT NULL AUTO_INCREMENT;

--
-- AUTO_INCREMENT de la tabla `medicina`
--
ALTER TABLE `medicina`
  MODIFY `idmedicina` int(11) NOT NULL AUTO_INCREMENT, AUTO_INCREMENT=28;

--
-- AUTO_INCREMENT de la tabla `medico`
--
ALTER TABLE `medico`
  MODIFY `idmedico` int(11) NOT NULL AUTO_INCREMENT, AUTO_INCREMENT=24;

--
-- AUTO_INCREMENT de la tabla `paciente`
--
ALTER TABLE `paciente`
  MODIFY `idpaciente` int(11) NOT NULL AUTO_INCREMENT, AUTO_INCREMENT=499;

--
-- AUTO_INCREMENT de la tabla `recetamedico`
--
ALTER TABLE `recetamedico`
  MODIFY `idconsultoriomedico` int(11) NOT NULL AUTO_INCREMENT;

--
-- AUTO_INCREMENT de la tabla `tipodocumento`
--
ALTER TABLE `tipodocumento`
  MODIFY `idtdocumento` int(11) NOT NULL AUTO_INCREMENT, AUTO_INCREMENT=7;

--
-- AUTO_INCREMENT de la tabla `ubigeo`
--
ALTER TABLE `ubigeo`
  MODIFY `idubigeo` int(11) NOT NULL AUTO_INCREMENT, AUTO_INCREMENT=5;

--
-- AUTO_INCREMENT de la tabla `usuario`
--
ALTER TABLE `usuario`
  MODIFY `idusuario` int(11) NOT NULL AUTO_INCREMENT, AUTO_INCREMENT=4;

--
-- Restricciones para tablas volcadas
--

--
-- Filtros para la tabla `citamedica`
--
ALTER TABLE `citamedica`
  ADD CONSTRAINT `fk_consultoriocita` FOREIGN KEY (`idconsultorio`) REFERENCES `consultorio` (`idconsultorio`) ON DELETE NO ACTION ON UPDATE NO ACTION,
  ADD CONSTRAINT `fk_medicocita` FOREIGN KEY (`idmedico`) REFERENCES `medico` (`idmedico`) ON DELETE NO ACTION ON UPDATE NO ACTION,
  ADD CONSTRAINT `fk_pacientereee` FOREIGN KEY (`idpaciente`) REFERENCES `paciente` (`idpaciente`) ON DELETE NO ACTION ON UPDATE NO ACTION;

--
-- Filtros para la tabla `consultamedica`
--
ALTER TABLE `consultamedica`
  ADD CONSTRAINT `fk_cita` FOREIGN KEY (`idcita`) REFERENCES `citamedica` (`idcita`) ON DELETE NO ACTION ON UPDATE NO ACTION,
  ADD CONSTRAINT `fk_enfermedad` FOREIGN KEY (`idenfermedad`) REFERENCES `enfermedad` (`idenfermedad`) ON DELETE NO ACTION ON UPDATE NO ACTION,
  ADD CONSTRAINT `fk_medicinaaa` FOREIGN KEY (`idmedicina`) REFERENCES `medicina` (`idmedicina`) ON DELETE NO ACTION ON UPDATE NO ACTION;

--
-- Filtros para la tabla `historialclinico`
--
ALTER TABLE `historialclinico`
  ADD CONSTRAINT `fk_consultamedica` FOREIGN KEY (`idconsultamedica`) REFERENCES `consultamedica` (`idconsultamedica`) ON DELETE NO ACTION ON UPDATE NO ACTION,
  ADD CONSTRAINT `fk_pacientehistorial` FOREIGN KEY (`idpaciente`) REFERENCES `paciente` (`idpaciente`) ON DELETE NO ACTION ON UPDATE NO ACTION;

--
-- Filtros para la tabla `medico`
--
ALTER TABLE `medico`
  ADD CONSTRAINT `fk_especialidad` FOREIGN KEY (`idespecialidad`) REFERENCES `especialidad` (`idespecialidad`) ON DELETE NO ACTION ON UPDATE NO ACTION,
  ADD CONSTRAINT `fk_tipocosumentomedico` FOREIGN KEY (`idtdocumento`) REFERENCES `tipodocumento` (`idtdocumento`) ON DELETE NO ACTION ON UPDATE NO ACTION,
  ADD CONSTRAINT `fk_ubigeo` FOREIGN KEY (`idubigeo`) REFERENCES `ubigeo` (`idubigeo`) ON DELETE NO ACTION ON UPDATE NO ACTION;

--
-- Filtros para la tabla `paciente`
--
ALTER TABLE `paciente`
  ADD CONSTRAINT `fk_tipodocumento` FOREIGN KEY (`idtdocumento`) REFERENCES `tipodocumento` (`idtdocumento`) ON DELETE NO ACTION ON UPDATE NO ACTION;
COMMIT;

/*!40101 SET CHARACTER_SET_CLIENT=@OLD_CHARACTER_SET_CLIENT */;
/*!40101 SET CHARACTER_SET_RESULTS=@OLD_CHARACTER_SET_RESULTS */;
/*!40101 SET COLLATION_CONNECTION=@OLD_COLLATION_CONNECTION */;
